Example,Label
'0',<=50K
'1',<=50K
'2',<=50K
'3',<=50K
'4',<=50K
'5',<=50K
'6',<=50K
'7',<=50K
'8',<=50K
'9',<=50K
'10',<=50K
'11',<=50K
'12',<=50K
'13',<=50K
'14',<=50K
'15',<=50K
'16',<=50K
'17',<=50K
'18',<=50K
'19',<=50K
'20',<=50K
'21',<=50K
'22',<=50K
'23',<=50K
'24',<=50K
'25',<=50K
'26',<=50K
'27',<=50K
'28',<=50K
'29',<=50K
'30',<=50K
'31',<=50K
'32',<=50K
'33',<=50K
'34',<=50K
'35',<=50K
'36',<=50K
'37',<=50K
'38',<=50K
'39',<=50K
'40',<=50K
'41',<=50K
'42',<=50K
'43',<=50K
'44',<=50K
'45',<=50K
'46',<=50K
'47',<=50K
'48',<=50K
'49',<=50K
'50',<=50K
'51',<=50K
'52',<=50K
'53',<=50K
'54',<=50K
'55',<=50K
'56',<=50K
'57',<=50K
'58',<=50K
'59',<=50K
'60',<=50K
'61',<=50K
'62',<=50K
'63',<=50K
'64',<=50K
'65',<=50K
'66',<=50K
'67',<=50K
'68',<=50K
'69',<=50K
'70',<=50K
'71',<=50K
'72',<=50K
'73',<=50K
'74',<=50K
'75',<=50K
'76',<=50K
'77',<=50K
'78',<=50K
'79',<=50K
'80',<=50K
'81',<=50K
'82',<=50K
'83',<=50K
'84',<=50K
'85',<=50K
'86',<=50K
'87',<=50K
'88',<=50K
'89',<=50K
'90',<=50K
'91',<=50K
'92',<=50K
'93',<=50K
'94',<=50K
'95',<=50K
'96',<=50K
'97',<=50K
'98',<=50K
'99',<=50K
'100',<=50K
'101',<=50K
'102',<=50K
'103',<=50K
'104',<=50K
'105',<=50K
'106',<=50K
'107',<=50K
'108',<=50K
'109',<=50K
'110',<=50K
'111',<=50K
'112',<=50K
'113',<=50K
'114',<=50K
'115',<=50K
'116',<=50K
'117',<=50K
'118',<=50K
'119',<=50K
'120',<=50K
'121',<=50K
'122',<=50K
'123',<=50K
'124',<=50K
'125',<=50K
'126',<=50K
'127',<=50K
'128',<=50K
'129',<=50K
'130',<=50K
'131',<=50K
'132',<=50K
'133',<=50K
'134',<=50K
'135',<=50K
'136',<=50K
'137',<=50K
'138',<=50K
'139',<=50K
'140',<=50K
'141',<=50K
'142',<=50K
'143',<=50K
'144',<=50K
'145',<=50K
'146',<=50K
'147',<=50K
'148',<=50K
'149',<=50K
'150',<=50K
'151',<=50K
'152',<=50K
'153',<=50K
'154',<=50K
'155',<=50K
'156',<=50K
'157',<=50K
'158',<=50K
'159',<=50K
'160',<=50K
'161',<=50K
'162',<=50K
'163',<=50K
'164',<=50K
'165',<=50K
'166',<=50K
'167',<=50K
'168',<=50K
'169',<=50K
'170',<=50K
'171',<=50K
'172',<=50K
'173',<=50K
'174',<=50K
'175',<=50K
'176',<=50K
'177',<=50K
'178',<=50K
'179',<=50K
'180',<=50K
'181',<=50K
'182',<=50K
'183',<=50K
'184',<=50K
'185',<=50K
'186',<=50K
'187',<=50K
'188',<=50K
'189',<=50K
'190',<=50K
'191',<=50K
'192',<=50K
'193',<=50K
'194',<=50K
'195',<=50K
'196',<=50K
'197',<=50K
'198',<=50K
'199',<=50K
'200',<=50K
'201',<=50K
'202',<=50K
'203',<=50K
'204',<=50K
'205',<=50K
'206',<=50K
'207',>50K
'208',<=50K
'209',<=50K
'210',<=50K
'211',<=50K
'212',<=50K
'213',<=50K
'214',<=50K
'215',<=50K
'216',<=50K
'217',<=50K
'218',<=50K
'219',<=50K
'220',<=50K
'221',<=50K
'222',<=50K
'223',<=50K
'224',<=50K
'225',<=50K
'226',<=50K
'227',<=50K
'228',<=50K
'229',<=50K
'230',<=50K
'231',<=50K
'232',<=50K
'233',<=50K
'234',<=50K
'235',<=50K
'236',<=50K
'237',<=50K
'238',<=50K
'239',<=50K
'240',<=50K
'241',<=50K
'242',<=50K
'243',<=50K
'244',<=50K
'245',<=50K
'246',<=50K
'247',<=50K
'248',<=50K
'249',<=50K
'250',<=50K
'251',<=50K
'252',<=50K
'253',<=50K
'254',<=50K
'255',<=50K
'256',<=50K
'257',<=50K
'258',<=50K
'259',<=50K
'260',<=50K
'261',<=50K
'262',<=50K
'263',<=50K
'264',<=50K
'265',<=50K
'266',<=50K
'267',<=50K
'268',<=50K
'269',<=50K
'270',<=50K
'271',<=50K
'272',<=50K
'273',<=50K
'274',<=50K
'275',<=50K
'276',<=50K
'277',<=50K
'278',<=50K
'279',<=50K
'280',<=50K
'281',<=50K
'282',<=50K
'283',<=50K
'284',<=50K
'285',<=50K
'286',<=50K
'287',<=50K
'288',<=50K
'289',<=50K
'290',<=50K
'291',<=50K
'292',<=50K
'293',<=50K
'294',<=50K
'295',<=50K
'296',<=50K
'297',<=50K
'298',<=50K
'299',<=50K
'300',<=50K
'301',<=50K
'302',<=50K
'303',<=50K
'304',<=50K
'305',<=50K
'306',<=50K
'307',<=50K
'308',<=50K
'309',<=50K
'310',<=50K
'311',<=50K
'312',<=50K
'313',<=50K
'314',<=50K
'315',<=50K
'316',<=50K
'317',<=50K
'318',<=50K
'319',<=50K
'320',<=50K
'321',<=50K
'322',<=50K
'323',<=50K
'324',<=50K
'325',<=50K
'326',<=50K
'327',<=50K
'328',<=50K
'329',<=50K
'330',<=50K
'331',<=50K
'332',<=50K
'333',<=50K
'334',<=50K
'335',<=50K
'336',<=50K
'337',<=50K
'338',<=50K
'339',<=50K
'340',<=50K
'341',<=50K
'342',<=50K
'343',<=50K
'344',<=50K
'345',<=50K
'346',<=50K
'347',<=50K
'348',<=50K
'349',<=50K
'350',<=50K
'351',<=50K
'352',<=50K
'353',<=50K
'354',<=50K
'355',<=50K
'356',<=50K
'357',<=50K
'358',<=50K
'359',<=50K
'360',<=50K
'361',<=50K
'362',<=50K
'363',<=50K
'364',<=50K
'365',<=50K
'366',<=50K
'367',<=50K
'368',<=50K
'369',<=50K
'370',<=50K
'371',<=50K
'372',<=50K
'373',<=50K
'374',<=50K
'375',<=50K
'376',<=50K
'377',<=50K
'378',<=50K
'379',<=50K
'380',<=50K
'381',<=50K
'382',<=50K
'383',<=50K
'384',<=50K
'385',<=50K
'386',<=50K
'387',<=50K
'388',<=50K
'389',<=50K
'390',<=50K
'391',<=50K
'392',<=50K
'393',<=50K
'394',<=50K
'395',<=50K
'396',<=50K
'397',<=50K
'398',<=50K
'399',<=50K
'400',<=50K
'401',<=50K
'402',<=50K
'403',<=50K
'404',<=50K
'405',<=50K
'406',<=50K
'407',<=50K
'408',<=50K
'409',<=50K
'410',<=50K
'411',<=50K
'412',<=50K
'413',<=50K
'414',<=50K
'415',<=50K
'416',<=50K
'417',<=50K
'418',<=50K
'419',<=50K
'420',<=50K
'421',<=50K
'422',<=50K
'423',<=50K
'424',<=50K
'425',<=50K
'426',<=50K
'427',<=50K
'428',<=50K
'429',<=50K
'430',<=50K
'431',<=50K
'432',<=50K
'433',<=50K
'434',<=50K
'435',<=50K
'436',<=50K
'437',<=50K
'438',<=50K
'439',<=50K
'440',<=50K
'441',<=50K
'442',<=50K
'443',<=50K
'444',<=50K
'445',<=50K
'446',<=50K
'447',<=50K
'448',<=50K
'449',<=50K
'450',<=50K
'451',<=50K
'452',<=50K
'453',<=50K
'454',<=50K
'455',<=50K
'456',<=50K
'457',<=50K
'458',<=50K
'459',<=50K
'460',<=50K
'461',<=50K
'462',<=50K
'463',<=50K
'464',<=50K
'465',<=50K
'466',<=50K
'467',<=50K
'468',<=50K
'469',<=50K
'470',<=50K
'471',<=50K
'472',<=50K
'473',<=50K
'474',<=50K
'475',<=50K
'476',<=50K
'477',<=50K
'478',<=50K
'479',<=50K
'480',<=50K
'481',<=50K
'482',<=50K
'483',<=50K
'484',<=50K
'485',<=50K
'486',<=50K
'487',<=50K
'488',<=50K
'489',<=50K
'490',<=50K
'491',<=50K
'492',<=50K
'493',<=50K
'494',<=50K
'495',<=50K
'496',<=50K
'497',<=50K
'498',<=50K
'499',<=50K
'500',<=50K
'501',<=50K
'502',<=50K
'503',<=50K
'504',<=50K
'505',<=50K
'506',<=50K
'507',<=50K
'508',<=50K
'509',<=50K
'510',<=50K
'511',<=50K
'512',<=50K
'513',<=50K
'514',<=50K
'515',<=50K
'516',<=50K
'517',<=50K
'518',<=50K
'519',<=50K
'520',<=50K
'521',<=50K
'522',<=50K
'523',<=50K
'524',<=50K
'525',<=50K
'526',<=50K
'527',<=50K
'528',<=50K
'529',<=50K
'530',<=50K
'531',<=50K
'532',<=50K
'533',<=50K
'534',<=50K
'535',<=50K
'536',<=50K
'537',<=50K
'538',<=50K
'539',<=50K
'540',<=50K
'541',<=50K
'542',<=50K
'543',<=50K
'544',<=50K
'545',<=50K
'546',<=50K
'547',<=50K
'548',<=50K
'549',<=50K
'550',<=50K
'551',<=50K
'552',<=50K
'553',<=50K
'554',<=50K
'555',<=50K
'556',<=50K
'557',<=50K
'558',<=50K
'559',<=50K
'560',<=50K
'561',<=50K
'562',<=50K
'563',<=50K
'564',<=50K
'565',<=50K
'566',<=50K
'567',<=50K
'568',<=50K
'569',<=50K
'570',<=50K
'571',<=50K
'572',<=50K
'573',<=50K
'574',<=50K
'575',<=50K
'576',<=50K
'577',<=50K
'578',<=50K
'579',<=50K
'580',<=50K
'581',<=50K
'582',<=50K
'583',<=50K
'584',<=50K
'585',<=50K
'586',<=50K
'587',<=50K
'588',<=50K
'589',<=50K
'590',<=50K
'591',<=50K
'592',<=50K
'593',<=50K
'594',<=50K
'595',<=50K
'596',<=50K
'597',<=50K
'598',<=50K
'599',<=50K
'600',<=50K
'601',<=50K
'602',<=50K
'603',<=50K
'604',<=50K
'605',<=50K
'606',<=50K
'607',<=50K
'608',<=50K
'609',<=50K
'610',<=50K
'611',<=50K
'612',<=50K
'613',<=50K
'614',<=50K
'615',<=50K
'616',<=50K
'617',<=50K
'618',<=50K
'619',<=50K
'620',<=50K
'621',<=50K
'622',<=50K
'623',<=50K
'624',<=50K
'625',<=50K
'626',<=50K
'627',<=50K
'628',<=50K
'629',<=50K
'630',<=50K
'631',<=50K
'632',<=50K
'633',<=50K
'634',<=50K
'635',<=50K
'636',<=50K
'637',<=50K
'638',<=50K
'639',<=50K
'640',<=50K
'641',<=50K
'642',<=50K
'643',<=50K
'644',<=50K
'645',<=50K
'646',<=50K
'647',<=50K
'648',<=50K
'649',<=50K
'650',<=50K
'651',<=50K
'652',<=50K
'653',<=50K
'654',<=50K
'655',<=50K
'656',<=50K
'657',<=50K
'658',<=50K
'659',<=50K
'660',<=50K
'661',<=50K
'662',<=50K
'663',<=50K
'664',<=50K
'665',<=50K
'666',<=50K
'667',<=50K
'668',<=50K
'669',<=50K
'670',<=50K
'671',<=50K
'672',<=50K
'673',<=50K
'674',<=50K
'675',<=50K
'676',<=50K
'677',<=50K
'678',<=50K
'679',<=50K
'680',<=50K
'681',<=50K
'682',<=50K
'683',<=50K
'684',<=50K
'685',<=50K
'686',<=50K
'687',<=50K
'688',<=50K
'689',<=50K
'690',<=50K
'691',<=50K
'692',<=50K
'693',<=50K
'694',<=50K
'695',<=50K
'696',<=50K
'697',<=50K
'698',<=50K
'699',<=50K
'700',<=50K
'701',<=50K
'702',<=50K
'703',<=50K
'704',<=50K
'705',<=50K
'706',<=50K
'707',<=50K
'708',<=50K
'709',<=50K
'710',<=50K
'711',<=50K
'712',<=50K
'713',<=50K
'714',<=50K
'715',<=50K
'716',<=50K
'717',<=50K
'718',<=50K
'719',<=50K
'720',<=50K
'721',<=50K
'722',<=50K
'723',<=50K
'724',<=50K
'725',<=50K
'726',<=50K
'727',<=50K
'728',<=50K
'729',<=50K
'730',<=50K
'731',<=50K
'732',<=50K
'733',<=50K
'734',<=50K
'735',<=50K
'736',<=50K
'737',<=50K
'738',<=50K
'739',<=50K
'740',<=50K
'741',<=50K
'742',<=50K
'743',<=50K
'744',<=50K
'745',<=50K
'746',<=50K
'747',<=50K
'748',<=50K
'749',<=50K
'750',<=50K
'751',<=50K
'752',<=50K
'753',<=50K
'754',<=50K
'755',<=50K
'756',<=50K
'757',<=50K
'758',<=50K
'759',<=50K
'760',<=50K
'761',<=50K
'762',<=50K
'763',<=50K
'764',<=50K
'765',<=50K
'766',<=50K
'767',<=50K
'768',<=50K
'769',<=50K
'770',<=50K
'771',<=50K
'772',<=50K
'773',<=50K
'774',<=50K
'775',<=50K
'776',<=50K
'777',<=50K
'778',<=50K
'779',<=50K
'780',<=50K
'781',<=50K
'782',<=50K
'783',<=50K
'784',<=50K
'785',<=50K
'786',<=50K
'787',<=50K
'788',<=50K
'789',<=50K
'790',<=50K
'791',<=50K
'792',<=50K
'793',<=50K
'794',<=50K
'795',<=50K
'796',<=50K
'797',<=50K
'798',<=50K
'799',<=50K
'800',<=50K
'801',<=50K
'802',<=50K
'803',<=50K
'804',<=50K
'805',<=50K
'806',<=50K
'807',<=50K
'808',<=50K
'809',<=50K
'810',<=50K
'811',<=50K
'812',<=50K
'813',<=50K
'814',<=50K
'815',<=50K
'816',<=50K
'817',<=50K
'818',<=50K
'819',<=50K
'820',<=50K
'821',<=50K
'822',<=50K
'823',<=50K
'824',<=50K
'825',<=50K
'826',<=50K
'827',<=50K
'828',<=50K
'829',<=50K
'830',<=50K
'831',<=50K
'832',<=50K
'833',<=50K
'834',<=50K
'835',<=50K
'836',<=50K
'837',<=50K
'838',<=50K
'839',<=50K
'840',<=50K
'841',<=50K
'842',<=50K
'843',<=50K
'844',<=50K
'845',<=50K
'846',<=50K
'847',<=50K
'848',<=50K
'849',<=50K
'850',<=50K
'851',<=50K
'852',<=50K
'853',<=50K
'854',<=50K
'855',<=50K
'856',<=50K
'857',<=50K
'858',<=50K
'859',<=50K
'860',<=50K
'861',<=50K
'862',<=50K
'863',<=50K
'864',<=50K
'865',<=50K
'866',<=50K
'867',<=50K
'868',<=50K
'869',<=50K
'870',<=50K
'871',<=50K
'872',<=50K
'873',<=50K
'874',<=50K
'875',<=50K
'876',<=50K
'877',<=50K
'878',<=50K
'879',<=50K
'880',<=50K
'881',<=50K
'882',<=50K
'883',<=50K
'884',<=50K
'885',<=50K
'886',<=50K
'887',<=50K
'888',<=50K
'889',<=50K
'890',<=50K
'891',<=50K
'892',<=50K
'893',<=50K
'894',<=50K
'895',<=50K
'896',<=50K
'897',<=50K
'898',<=50K
'899',<=50K
'900',<=50K
'901',<=50K
'902',<=50K
'903',<=50K
'904',<=50K
'905',<=50K
'906',<=50K
'907',<=50K
'908',<=50K
'909',<=50K
'910',<=50K
'911',<=50K
'912',<=50K
'913',<=50K
'914',<=50K
'915',<=50K
'916',<=50K
'917',<=50K
'918',<=50K
'919',<=50K
'920',<=50K
'921',<=50K
'922',<=50K
'923',<=50K
'924',<=50K
'925',<=50K
'926',>50K
'927',<=50K
'928',<=50K
'929',<=50K
'930',<=50K
'931',<=50K
'932',<=50K
'933',<=50K
'934',<=50K
'935',<=50K
'936',<=50K
'937',<=50K
'938',<=50K
'939',<=50K
'940',<=50K
'941',<=50K
'942',<=50K
'943',<=50K
'944',<=50K
'945',<=50K
'946',<=50K
'947',<=50K
'948',<=50K
'949',<=50K
'950',<=50K
'951',<=50K
'952',<=50K
'953',<=50K
'954',<=50K
'955',<=50K
'956',<=50K
'957',<=50K
'958',<=50K
'959',<=50K
'960',<=50K
'961',<=50K
'962',<=50K
'963',<=50K
'964',<=50K
'965',<=50K
'966',<=50K
'967',<=50K
'968',<=50K
'969',<=50K
'970',<=50K
'971',<=50K
'972',>50K
'973',<=50K
'974',<=50K
'975',<=50K
'976',<=50K
'977',<=50K
'978',<=50K
'979',<=50K
'980',<=50K
'981',<=50K
'982',<=50K
'983',<=50K
'984',<=50K
'985',<=50K
'986',<=50K
'987',<=50K
'988',<=50K
'989',<=50K
'990',<=50K
'991',<=50K
'992',<=50K
'993',<=50K
'994',<=50K
'995',<=50K
'996',<=50K
'997',<=50K
'998',<=50K
'999',<=50K
'1000',<=50K
'1001',<=50K
'1002',<=50K
'1003',<=50K
'1004',<=50K
'1005',<=50K
'1006',<=50K
'1007',<=50K
'1008',<=50K
'1009',<=50K
'1010',<=50K
'1011',<=50K
'1012',<=50K
'1013',<=50K
'1014',<=50K
'1015',<=50K
'1016',<=50K
'1017',<=50K
'1018',<=50K
'1019',<=50K
'1020',<=50K
'1021',<=50K
'1022',<=50K
'1023',<=50K
'1024',<=50K
'1025',<=50K
'1026',<=50K
'1027',<=50K
'1028',<=50K
'1029',<=50K
'1030',<=50K
'1031',<=50K
'1032',<=50K
'1033',<=50K
'1034',<=50K
'1035',<=50K
'1036',<=50K
'1037',<=50K
'1038',<=50K
'1039',<=50K
'1040',<=50K
'1041',<=50K
'1042',<=50K
'1043',<=50K
'1044',<=50K
'1045',<=50K
'1046',<=50K
'1047',<=50K
'1048',<=50K
'1049',<=50K
'1050',<=50K
'1051',<=50K
'1052',<=50K
'1053',<=50K
'1054',<=50K
'1055',<=50K
'1056',<=50K
'1057',<=50K
'1058',<=50K
'1059',<=50K
'1060',<=50K
'1061',<=50K
'1062',<=50K
'1063',<=50K
'1064',<=50K
'1065',<=50K
'1066',<=50K
'1067',<=50K
'1068',<=50K
'1069',<=50K
'1070',<=50K
'1071',<=50K
'1072',<=50K
'1073',<=50K
'1074',<=50K
'1075',<=50K
'1076',<=50K
'1077',<=50K
'1078',<=50K
'1079',<=50K
'1080',<=50K
'1081',<=50K
'1082',<=50K
'1083',<=50K
'1084',<=50K
'1085',<=50K
'1086',<=50K
'1087',<=50K
'1088',<=50K
'1089',<=50K
'1090',<=50K
'1091',<=50K
'1092',<=50K
'1093',<=50K
'1094',<=50K
'1095',<=50K
'1096',<=50K
'1097',<=50K
'1098',<=50K
'1099',<=50K
'1100',<=50K
'1101',<=50K
'1102',<=50K
'1103',<=50K
'1104',<=50K
'1105',<=50K
'1106',<=50K
'1107',>50K
'1108',<=50K
'1109',<=50K
'1110',<=50K
'1111',<=50K
'1112',<=50K
'1113',<=50K
'1114',<=50K
'1115',<=50K
'1116',<=50K
'1117',<=50K
'1118',<=50K
'1119',<=50K
'1120',<=50K
'1121',<=50K
'1122',<=50K
'1123',<=50K
'1124',<=50K
'1125',<=50K
'1126',<=50K
'1127',<=50K
'1128',<=50K
'1129',<=50K
'1130',<=50K
'1131',<=50K
'1132',<=50K
'1133',<=50K
'1134',<=50K
'1135',<=50K
'1136',<=50K
'1137',<=50K
'1138',<=50K
'1139',<=50K
'1140',<=50K
'1141',<=50K
'1142',<=50K
'1143',<=50K
'1144',<=50K
'1145',<=50K
'1146',<=50K
'1147',<=50K
'1148',<=50K
'1149',<=50K
'1150',<=50K
'1151',<=50K
'1152',<=50K
'1153',<=50K
'1154',<=50K
'1155',<=50K
'1156',<=50K
'1157',<=50K
'1158',<=50K
'1159',<=50K
'1160',<=50K
'1161',<=50K
'1162',<=50K
'1163',<=50K
'1164',<=50K
'1165',<=50K
'1166',<=50K
'1167',<=50K
'1168',<=50K
'1169',<=50K
'1170',<=50K
'1171',<=50K
'1172',<=50K
'1173',<=50K
'1174',<=50K
'1175',<=50K
'1176',<=50K
'1177',<=50K
'1178',<=50K
'1179',<=50K
'1180',<=50K
'1181',<=50K
'1182',<=50K
'1183',<=50K
'1184',<=50K
'1185',<=50K
'1186',<=50K
'1187',<=50K
'1188',<=50K
'1189',<=50K
'1190',<=50K
'1191',<=50K
'1192',<=50K
'1193',<=50K
'1194',<=50K
'1195',<=50K
'1196',<=50K
'1197',<=50K
'1198',<=50K
'1199',<=50K
'1200',<=50K
'1201',<=50K
'1202',<=50K
'1203',<=50K
'1204',<=50K
'1205',<=50K
'1206',<=50K
'1207',<=50K
'1208',<=50K
'1209',<=50K
'1210',<=50K
'1211',<=50K
'1212',<=50K
'1213',<=50K
'1214',<=50K
'1215',<=50K
'1216',<=50K
'1217',<=50K
'1218',<=50K
'1219',<=50K
'1220',<=50K
'1221',<=50K
'1222',<=50K
'1223',<=50K
'1224',<=50K
'1225',<=50K
'1226',<=50K
'1227',<=50K
'1228',<=50K
'1229',<=50K
'1230',<=50K
'1231',<=50K
'1232',<=50K
'1233',<=50K
'1234',<=50K
'1235',<=50K
'1236',<=50K
'1237',<=50K
'1238',<=50K
'1239',<=50K
'1240',<=50K
'1241',<=50K
'1242',<=50K
'1243',<=50K
'1244',<=50K
'1245',<=50K
'1246',<=50K
'1247',<=50K
'1248',<=50K
'1249',<=50K
'1250',<=50K
'1251',<=50K
'1252',<=50K
'1253',<=50K
'1254',<=50K
'1255',<=50K
'1256',<=50K
'1257',<=50K
'1258',<=50K
'1259',<=50K
'1260',<=50K
'1261',<=50K
'1262',<=50K
'1263',<=50K
'1264',<=50K
'1265',<=50K
'1266',<=50K
'1267',<=50K
'1268',<=50K
'1269',<=50K
'1270',<=50K
'1271',<=50K
'1272',<=50K
'1273',<=50K
'1274',<=50K
'1275',<=50K
'1276',<=50K
'1277',<=50K
'1278',<=50K
'1279',<=50K
'1280',<=50K
'1281',<=50K
'1282',<=50K
'1283',<=50K
'1284',<=50K
'1285',<=50K
'1286',<=50K
'1287',<=50K
'1288',<=50K
'1289',<=50K
'1290',<=50K
'1291',<=50K
'1292',<=50K
'1293',<=50K
'1294',<=50K
'1295',<=50K
'1296',<=50K
'1297',<=50K
'1298',<=50K
'1299',<=50K
'1300',<=50K
'1301',<=50K
'1302',<=50K
'1303',<=50K
'1304',<=50K
'1305',<=50K
'1306',>50K
'1307',<=50K
'1308',<=50K
'1309',<=50K
'1310',<=50K
'1311',<=50K
'1312',<=50K
'1313',<=50K
'1314',<=50K
'1315',<=50K
'1316',<=50K
'1317',<=50K
'1318',<=50K
'1319',<=50K
'1320',<=50K
'1321',<=50K
'1322',<=50K
'1323',<=50K
'1324',<=50K
'1325',<=50K
'1326',<=50K
'1327',<=50K
'1328',<=50K
'1329',<=50K
'1330',<=50K
'1331',<=50K
'1332',<=50K
'1333',<=50K
'1334',<=50K
'1335',<=50K
'1336',<=50K
'1337',<=50K
'1338',<=50K
'1339',<=50K
'1340',<=50K
'1341',<=50K
'1342',<=50K
'1343',<=50K
'1344',<=50K
'1345',<=50K
'1346',<=50K
'1347',<=50K
'1348',<=50K
'1349',<=50K
'1350',<=50K
'1351',<=50K
'1352',<=50K
'1353',<=50K
'1354',<=50K
'1355',<=50K
'1356',<=50K
'1357',<=50K
'1358',<=50K
'1359',<=50K
'1360',<=50K
'1361',<=50K
'1362',<=50K
'1363',<=50K
'1364',<=50K
'1365',<=50K
'1366',<=50K
'1367',<=50K
'1368',<=50K
'1369',<=50K
'1370',<=50K
'1371',<=50K
'1372',<=50K
'1373',<=50K
'1374',<=50K
'1375',<=50K
'1376',<=50K
'1377',<=50K
'1378',<=50K
'1379',<=50K
'1380',<=50K
'1381',<=50K
'1382',<=50K
'1383',<=50K
'1384',<=50K
'1385',<=50K
'1386',<=50K
'1387',<=50K
'1388',<=50K
'1389',<=50K
'1390',<=50K
'1391',<=50K
'1392',<=50K
'1393',<=50K
'1394',<=50K
'1395',<=50K
'1396',<=50K
'1397',<=50K
'1398',<=50K
'1399',<=50K
'1400',<=50K
'1401',<=50K
'1402',<=50K
'1403',<=50K
'1404',<=50K
'1405',<=50K
'1406',<=50K
'1407',<=50K
'1408',<=50K
'1409',<=50K
'1410',<=50K
'1411',<=50K
'1412',<=50K
'1413',<=50K
'1414',<=50K
'1415',<=50K
'1416',<=50K
'1417',<=50K
'1418',<=50K
'1419',<=50K
'1420',<=50K
'1421',<=50K
'1422',<=50K
'1423',<=50K
'1424',<=50K
'1425',<=50K
'1426',<=50K
'1427',<=50K
'1428',<=50K
'1429',<=50K
'1430',<=50K
'1431',<=50K
'1432',<=50K
'1433',<=50K
'1434',<=50K
'1435',<=50K
'1436',<=50K
'1437',<=50K
'1438',<=50K
'1439',<=50K
'1440',<=50K
'1441',<=50K
'1442',<=50K
'1443',<=50K
'1444',<=50K
'1445',<=50K
'1446',<=50K
'1447',<=50K
'1448',<=50K
'1449',<=50K
'1450',<=50K
'1451',<=50K
'1452',<=50K
'1453',<=50K
'1454',<=50K
'1455',<=50K
'1456',<=50K
'1457',<=50K
'1458',<=50K
'1459',<=50K
'1460',<=50K
'1461',<=50K
'1462',<=50K
'1463',<=50K
'1464',<=50K
'1465',<=50K
'1466',<=50K
'1467',<=50K
'1468',<=50K
'1469',<=50K
'1470',<=50K
'1471',<=50K
'1472',<=50K
'1473',<=50K
'1474',<=50K
'1475',<=50K
'1476',<=50K
'1477',>50K
'1478',<=50K
'1479',<=50K
'1480',<=50K
'1481',<=50K
'1482',<=50K
'1483',<=50K
'1484',<=50K
'1485',<=50K
'1486',<=50K
'1487',<=50K
'1488',<=50K
'1489',<=50K
'1490',<=50K
'1491',<=50K
'1492',<=50K
'1493',<=50K
'1494',<=50K
'1495',<=50K
'1496',<=50K
'1497',<=50K
'1498',<=50K
'1499',<=50K
'1500',<=50K
'1501',<=50K
'1502',<=50K
'1503',<=50K
'1504',<=50K
'1505',<=50K
'1506',<=50K
'1507',<=50K
'1508',<=50K
'1509',<=50K
'1510',<=50K
'1511',<=50K
'1512',<=50K
'1513',<=50K
'1514',<=50K
'1515',<=50K
'1516',<=50K
'1517',<=50K
'1518',<=50K
'1519',<=50K
'1520',<=50K
'1521',<=50K
'1522',<=50K
'1523',<=50K
'1524',<=50K
'1525',<=50K
'1526',<=50K
'1527',<=50K
'1528',<=50K
'1529',<=50K
'1530',<=50K
'1531',<=50K
'1532',<=50K
'1533',<=50K
'1534',<=50K
'1535',<=50K
'1536',<=50K
'1537',<=50K
'1538',<=50K
'1539',<=50K
'1540',<=50K
'1541',<=50K
'1542',<=50K
'1543',<=50K
'1544',<=50K
'1545',<=50K
'1546',<=50K
'1547',<=50K
'1548',<=50K
'1549',<=50K
'1550',<=50K
'1551',<=50K
'1552',<=50K
'1553',<=50K
'1554',<=50K
'1555',<=50K
'1556',<=50K
'1557',<=50K
'1558',<=50K
'1559',<=50K
'1560',<=50K
'1561',<=50K
'1562',<=50K
'1563',<=50K
'1564',<=50K
'1565',<=50K
'1566',<=50K
'1567',<=50K
'1568',<=50K
'1569',<=50K
'1570',<=50K
'1571',<=50K
'1572',<=50K
'1573',<=50K
'1574',<=50K
'1575',<=50K
'1576',<=50K
'1577',<=50K
'1578',<=50K
'1579',<=50K
'1580',<=50K
'1581',<=50K
'1582',<=50K
'1583',<=50K
'1584',<=50K
'1585',<=50K
'1586',<=50K
'1587',<=50K
'1588',<=50K
'1589',<=50K
'1590',<=50K
'1591',<=50K
'1592',<=50K
'1593',<=50K
'1594',<=50K
'1595',<=50K
'1596',<=50K
'1597',<=50K
'1598',<=50K
'1599',<=50K
'1600',<=50K
'1601',<=50K
'1602',<=50K
'1603',<=50K
'1604',<=50K
'1605',<=50K
'1606',<=50K
'1607',<=50K
'1608',<=50K
'1609',<=50K
'1610',<=50K
'1611',<=50K
'1612',<=50K
'1613',<=50K
'1614',<=50K
'1615',<=50K
'1616',<=50K
'1617',<=50K
'1618',<=50K
'1619',<=50K
'1620',<=50K
'1621',<=50K
'1622',<=50K
'1623',<=50K
'1624',<=50K
'1625',>50K
'1626',<=50K
'1627',<=50K
'1628',<=50K
'1629',<=50K
'1630',<=50K
'1631',<=50K
'1632',<=50K
'1633',<=50K
'1634',<=50K
'1635',>50K
'1636',<=50K
'1637',<=50K
'1638',<=50K
'1639',<=50K
'1640',<=50K
'1641',<=50K
'1642',<=50K
'1643',<=50K
'1644',<=50K
'1645',<=50K
'1646',<=50K
'1647',<=50K
'1648',<=50K
'1649',<=50K
'1650',<=50K
'1651',<=50K
'1652',<=50K
'1653',<=50K
'1654',<=50K
'1655',<=50K
'1656',<=50K
'1657',<=50K
'1658',<=50K
'1659',<=50K
'1660',<=50K
'1661',<=50K
'1662',<=50K
'1663',<=50K
'1664',<=50K
'1665',<=50K
'1666',<=50K
'1667',<=50K
'1668',<=50K
'1669',<=50K
'1670',<=50K
'1671',<=50K
'1672',<=50K
'1673',<=50K
'1674',<=50K
'1675',<=50K
'1676',<=50K
'1677',<=50K
'1678',<=50K
'1679',<=50K
'1680',<=50K
'1681',<=50K
'1682',<=50K
'1683',<=50K
'1684',<=50K
'1685',<=50K
'1686',<=50K
'1687',<=50K
'1688',<=50K
'1689',<=50K
'1690',<=50K
'1691',<=50K
'1692',<=50K
'1693',<=50K
'1694',<=50K
'1695',<=50K
'1696',<=50K
'1697',<=50K
'1698',<=50K
'1699',<=50K
'1700',<=50K
'1701',<=50K
'1702',<=50K
'1703',<=50K
'1704',<=50K
'1705',<=50K
'1706',<=50K
'1707',<=50K
'1708',<=50K
'1709',<=50K
'1710',<=50K
'1711',<=50K
'1712',<=50K
'1713',<=50K
'1714',<=50K
'1715',<=50K
'1716',<=50K
'1717',<=50K
'1718',<=50K
'1719',<=50K
'1720',<=50K
'1721',<=50K
'1722',<=50K
'1723',<=50K
'1724',<=50K
'1725',<=50K
'1726',<=50K
'1727',<=50K
'1728',<=50K
'1729',<=50K
'1730',<=50K
'1731',<=50K
'1732',<=50K
'1733',<=50K
'1734',<=50K
'1735',<=50K
'1736',<=50K
'1737',<=50K
'1738',<=50K
'1739',<=50K
'1740',<=50K
'1741',<=50K
'1742',<=50K
'1743',<=50K
'1744',<=50K
'1745',<=50K
'1746',<=50K
'1747',<=50K
'1748',<=50K
'1749',<=50K
'1750',<=50K
'1751',<=50K
'1752',<=50K
'1753',<=50K
'1754',<=50K
'1755',<=50K
'1756',<=50K
'1757',<=50K
'1758',<=50K
'1759',<=50K
'1760',<=50K
'1761',<=50K
'1762',<=50K
'1763',<=50K
'1764',<=50K
'1765',<=50K
'1766',<=50K
'1767',<=50K
'1768',<=50K
'1769',<=50K
'1770',<=50K
'1771',<=50K
'1772',<=50K
'1773',<=50K
'1774',<=50K
'1775',<=50K
'1776',<=50K
'1777',<=50K
'1778',<=50K
'1779',<=50K
'1780',<=50K
'1781',<=50K
'1782',<=50K
'1783',<=50K
'1784',<=50K
'1785',<=50K
'1786',<=50K
'1787',<=50K
'1788',<=50K
'1789',<=50K
'1790',<=50K
'1791',<=50K
'1792',<=50K
'1793',<=50K
'1794',<=50K
'1795',<=50K
'1796',<=50K
'1797',<=50K
'1798',<=50K
'1799',<=50K
'1800',<=50K
'1801',<=50K
'1802',<=50K
'1803',<=50K
'1804',<=50K
'1805',<=50K
'1806',<=50K
'1807',<=50K
'1808',<=50K
'1809',<=50K
'1810',<=50K
'1811',<=50K
'1812',<=50K
'1813',<=50K
'1814',<=50K
'1815',<=50K
'1816',<=50K
'1817',<=50K
'1818',<=50K
'1819',<=50K
'1820',<=50K
'1821',<=50K
'1822',<=50K
'1823',<=50K
'1824',<=50K
'1825',<=50K
'1826',<=50K
'1827',<=50K
'1828',<=50K
'1829',<=50K
'1830',<=50K
'1831',<=50K
'1832',<=50K
'1833',<=50K
'1834',<=50K
'1835',<=50K
'1836',<=50K
'1837',<=50K
'1838',<=50K
'1839',<=50K
'1840',<=50K
'1841',<=50K
'1842',<=50K
'1843',<=50K
'1844',<=50K
'1845',<=50K
'1846',<=50K
'1847',<=50K
'1848',<=50K
'1849',<=50K
'1850',<=50K
'1851',<=50K
'1852',<=50K
'1853',<=50K
'1854',<=50K
'1855',<=50K
'1856',<=50K
'1857',<=50K
'1858',<=50K
'1859',<=50K
'1860',<=50K
'1861',<=50K
'1862',<=50K
'1863',<=50K
'1864',<=50K
'1865',<=50K
'1866',<=50K
'1867',<=50K
'1868',<=50K
'1869',<=50K
'1870',<=50K
'1871',<=50K
'1872',<=50K
'1873',<=50K
'1874',<=50K
'1875',<=50K
'1876',<=50K
'1877',<=50K
'1878',<=50K
'1879',<=50K
'1880',<=50K
'1881',<=50K
'1882',<=50K
'1883',<=50K
'1884',<=50K
'1885',<=50K
'1886',<=50K
'1887',<=50K
'1888',<=50K
'1889',<=50K
'1890',<=50K
'1891',<=50K
'1892',<=50K
'1893',<=50K
'1894',<=50K
'1895',<=50K
'1896',<=50K
'1897',<=50K
'1898',<=50K
'1899',<=50K
'1900',<=50K
'1901',<=50K
'1902',<=50K
'1903',<=50K
'1904',<=50K
'1905',<=50K
'1906',<=50K
'1907',<=50K
'1908',<=50K
'1909',<=50K
'1910',<=50K
'1911',<=50K
'1912',<=50K
'1913',<=50K
'1914',<=50K
'1915',<=50K
'1916',<=50K
'1917',<=50K
'1918',<=50K
'1919',<=50K
'1920',<=50K
'1921',<=50K
'1922',<=50K
'1923',<=50K
'1924',<=50K
'1925',<=50K
'1926',<=50K
'1927',<=50K
'1928',<=50K
'1929',<=50K
'1930',<=50K
'1931',<=50K
'1932',<=50K
'1933',<=50K
'1934',<=50K
'1935',<=50K
'1936',<=50K
'1937',<=50K
'1938',<=50K
'1939',<=50K
'1940',<=50K
'1941',<=50K
'1942',<=50K
'1943',<=50K
'1944',<=50K
'1945',<=50K
'1946',<=50K
'1947',<=50K
'1948',<=50K
'1949',<=50K
'1950',<=50K
'1951',<=50K
'1952',<=50K
'1953',<=50K
'1954',<=50K
'1955',<=50K
'1956',<=50K
'1957',<=50K
'1958',<=50K
'1959',<=50K
'1960',<=50K
'1961',<=50K
'1962',<=50K
'1963',<=50K
'1964',<=50K
'1965',<=50K
'1966',<=50K
'1967',<=50K
'1968',<=50K
'1969',<=50K
'1970',<=50K
'1971',<=50K
'1972',<=50K
'1973',<=50K
'1974',<=50K
'1975',<=50K
'1976',<=50K
'1977',<=50K
'1978',<=50K
'1979',<=50K
'1980',<=50K
'1981',<=50K
'1982',<=50K
'1983',<=50K
'1984',<=50K
'1985',<=50K
'1986',<=50K
'1987',<=50K
'1988',<=50K
'1989',<=50K
'1990',<=50K
'1991',<=50K
'1992',<=50K
'1993',<=50K
'1994',<=50K
'1995',<=50K
'1996',<=50K
'1997',<=50K
'1998',<=50K
'1999',<=50K
'2000',<=50K
'2001',<=50K
'2002',<=50K
'2003',<=50K
'2004',<=50K
'2005',<=50K
'2006',<=50K
'2007',<=50K
'2008',<=50K
'2009',<=50K
'2010',<=50K
'2011',<=50K
'2012',<=50K
'2013',<=50K
'2014',<=50K
'2015',<=50K
'2016',<=50K
'2017',<=50K
'2018',<=50K
'2019',<=50K
'2020',<=50K
'2021',<=50K
'2022',<=50K
'2023',<=50K
'2024',<=50K
'2025',<=50K
'2026',<=50K
'2027',<=50K
'2028',<=50K
'2029',<=50K
'2030',<=50K
'2031',<=50K
'2032',<=50K
'2033',<=50K
'2034',<=50K
'2035',<=50K
'2036',<=50K
'2037',<=50K
'2038',<=50K
'2039',<=50K
'2040',<=50K
'2041',<=50K
'2042',<=50K
'2043',<=50K
'2044',<=50K
'2045',<=50K
'2046',<=50K
'2047',<=50K
'2048',<=50K
'2049',<=50K
'2050',<=50K
'2051',<=50K
'2052',<=50K
'2053',<=50K
'2054',<=50K
'2055',<=50K
'2056',<=50K
'2057',<=50K
'2058',<=50K
'2059',<=50K
'2060',<=50K
'2061',<=50K
'2062',<=50K
'2063',<=50K
'2064',<=50K
'2065',<=50K
'2066',<=50K
'2067',<=50K
'2068',<=50K
'2069',<=50K
'2070',<=50K
'2071',<=50K
'2072',<=50K
'2073',<=50K
'2074',<=50K
'2075',<=50K
'2076',<=50K
'2077',<=50K
'2078',<=50K
'2079',<=50K
'2080',<=50K
'2081',<=50K
'2082',<=50K
'2083',<=50K
'2084',<=50K
'2085',<=50K
'2086',<=50K
'2087',<=50K
'2088',<=50K
'2089',<=50K
'2090',<=50K
'2091',<=50K
'2092',<=50K
'2093',<=50K
'2094',<=50K
'2095',<=50K
'2096',<=50K
'2097',<=50K
'2098',<=50K
'2099',<=50K
'2100',<=50K
'2101',<=50K
'2102',<=50K
'2103',<=50K
'2104',<=50K
'2105',<=50K
'2106',<=50K
'2107',<=50K
'2108',<=50K
'2109',<=50K
'2110',<=50K
'2111',<=50K
'2112',<=50K
'2113',<=50K
'2114',<=50K
'2115',<=50K
'2116',<=50K
'2117',<=50K
'2118',<=50K
'2119',<=50K
'2120',<=50K
'2121',<=50K
'2122',<=50K
'2123',<=50K
'2124',<=50K
'2125',<=50K
'2126',<=50K
'2127',<=50K
'2128',<=50K
'2129',<=50K
'2130',<=50K
'2131',<=50K
'2132',<=50K
'2133',<=50K
'2134',<=50K
'2135',<=50K
'2136',<=50K
'2137',<=50K
'2138',<=50K
'2139',<=50K
'2140',<=50K
'2141',<=50K
'2142',<=50K
'2143',<=50K
'2144',<=50K
'2145',<=50K
'2146',<=50K
'2147',<=50K
'2148',<=50K
'2149',<=50K
'2150',<=50K
'2151',<=50K
'2152',<=50K
'2153',<=50K
'2154',<=50K
'2155',<=50K
'2156',<=50K
'2157',<=50K
'2158',<=50K
'2159',<=50K
'2160',<=50K
'2161',<=50K
'2162',<=50K
'2163',<=50K
'2164',<=50K
'2165',<=50K
'2166',<=50K
'2167',<=50K
'2168',<=50K
'2169',<=50K
'2170',<=50K
'2171',<=50K
'2172',<=50K
'2173',<=50K
'2174',<=50K
'2175',<=50K
'2176',<=50K
'2177',<=50K
'2178',<=50K
'2179',<=50K
'2180',<=50K
'2181',<=50K
'2182',<=50K
'2183',<=50K
'2184',<=50K
'2185',<=50K
'2186',<=50K
'2187',<=50K
'2188',<=50K
'2189',<=50K
'2190',<=50K
'2191',<=50K
'2192',<=50K
'2193',<=50K
'2194',<=50K
'2195',<=50K
'2196',<=50K
'2197',<=50K
'2198',<=50K
'2199',<=50K
'2200',<=50K
'2201',<=50K
'2202',<=50K
'2203',<=50K
'2204',<=50K
'2205',<=50K
'2206',<=50K
'2207',<=50K
'2208',<=50K
'2209',<=50K
'2210',<=50K
'2211',<=50K
'2212',<=50K
'2213',<=50K
'2214',<=50K
'2215',<=50K
'2216',<=50K
'2217',<=50K
'2218',<=50K
'2219',<=50K
'2220',<=50K
'2221',<=50K
'2222',<=50K
'2223',<=50K
'2224',<=50K
'2225',<=50K
'2226',<=50K
'2227',<=50K
'2228',<=50K
'2229',<=50K
'2230',<=50K
'2231',<=50K
'2232',<=50K
'2233',<=50K
'2234',<=50K
'2235',<=50K
'2236',<=50K
'2237',<=50K
'2238',<=50K
'2239',<=50K
'2240',<=50K
'2241',<=50K
'2242',<=50K
'2243',<=50K
'2244',<=50K
'2245',<=50K
'2246',<=50K
'2247',<=50K
'2248',<=50K
'2249',<=50K
'2250',<=50K
'2251',<=50K
'2252',<=50K
'2253',<=50K
'2254',<=50K
'2255',<=50K
'2256',<=50K
'2257',<=50K
'2258',<=50K
'2259',<=50K
'2260',<=50K
'2261',<=50K
'2262',<=50K
'2263',<=50K
'2264',<=50K
'2265',<=50K
'2266',<=50K
'2267',<=50K
'2268',<=50K
'2269',<=50K
'2270',<=50K
'2271',<=50K
'2272',<=50K
'2273',<=50K
'2274',<=50K
'2275',<=50K
'2276',<=50K
'2277',<=50K
'2278',<=50K
'2279',<=50K
'2280',<=50K
'2281',<=50K
'2282',<=50K
'2283',<=50K
'2284',<=50K
'2285',<=50K
'2286',<=50K
'2287',<=50K
'2288',<=50K
'2289',<=50K
'2290',<=50K
'2291',<=50K
'2292',<=50K
'2293',<=50K
'2294',<=50K
'2295',<=50K
'2296',<=50K
'2297',<=50K
'2298',<=50K
'2299',<=50K
'2300',<=50K
'2301',<=50K
'2302',<=50K
'2303',<=50K
'2304',<=50K
'2305',<=50K
'2306',<=50K
'2307',<=50K
'2308',<=50K
'2309',<=50K
'2310',<=50K
'2311',<=50K
'2312',<=50K
'2313',<=50K
'2314',<=50K
'2315',<=50K
'2316',<=50K
'2317',<=50K
'2318',<=50K
'2319',<=50K
'2320',<=50K
'2321',<=50K
'2322',<=50K
'2323',<=50K
'2324',<=50K
'2325',<=50K
'2326',<=50K
'2327',<=50K
'2328',<=50K
'2329',<=50K
'2330',<=50K
'2331',<=50K
'2332',<=50K
'2333',<=50K
'2334',<=50K
'2335',<=50K
'2336',<=50K
'2337',<=50K
'2338',<=50K
'2339',<=50K
'2340',<=50K
'2341',<=50K
'2342',<=50K
'2343',<=50K
'2344',<=50K
'2345',<=50K
'2346',<=50K
'2347',<=50K
'2348',<=50K
'2349',<=50K
'2350',<=50K
'2351',<=50K
'2352',<=50K
'2353',<=50K
'2354',<=50K
'2355',<=50K
'2356',<=50K
'2357',<=50K
'2358',<=50K
'2359',<=50K
'2360',<=50K
'2361',<=50K
'2362',<=50K
'2363',<=50K
'2364',<=50K
'2365',<=50K
'2366',<=50K
'2367',<=50K
'2368',<=50K
'2369',<=50K
'2370',<=50K
'2371',<=50K
'2372',<=50K
'2373',<=50K
'2374',<=50K
'2375',<=50K
'2376',<=50K
'2377',<=50K
'2378',<=50K
'2379',<=50K
'2380',<=50K
'2381',<=50K
'2382',<=50K
'2383',<=50K
'2384',<=50K
'2385',<=50K
'2386',<=50K
'2387',<=50K
'2388',<=50K
'2389',<=50K
'2390',<=50K
'2391',<=50K
'2392',<=50K
'2393',<=50K
'2394',<=50K
'2395',<=50K
'2396',<=50K
'2397',<=50K
'2398',<=50K
'2399',<=50K
'2400',<=50K
'2401',<=50K
'2402',<=50K
'2403',<=50K
'2404',<=50K
'2405',<=50K
'2406',<=50K
'2407',<=50K
'2408',<=50K
'2409',<=50K
'2410',<=50K
'2411',<=50K
'2412',<=50K
'2413',<=50K
'2414',<=50K
'2415',<=50K
'2416',<=50K
'2417',<=50K
'2418',<=50K
'2419',<=50K
'2420',<=50K
'2421',<=50K
'2422',<=50K
'2423',<=50K
'2424',<=50K
'2425',<=50K
'2426',<=50K
'2427',<=50K
'2428',<=50K
'2429',<=50K
'2430',<=50K
'2431',<=50K
'2432',<=50K
'2433',<=50K
'2434',<=50K
'2435',<=50K
'2436',<=50K
'2437',<=50K
'2438',<=50K
'2439',<=50K
'2440',<=50K
'2441',<=50K
'2442',<=50K
'2443',<=50K
'2444',<=50K
'2445',<=50K
'2446',<=50K
'2447',<=50K
'2448',<=50K
'2449',<=50K
'2450',<=50K
'2451',<=50K
'2452',<=50K
'2453',<=50K
'2454',<=50K
'2455',<=50K
'2456',<=50K
'2457',<=50K
'2458',<=50K
'2459',<=50K
'2460',<=50K
'2461',<=50K
'2462',<=50K
'2463',<=50K
'2464',<=50K
'2465',<=50K
'2466',<=50K
'2467',<=50K
'2468',<=50K
'2469',<=50K
'2470',<=50K
'2471',<=50K
'2472',<=50K
'2473',<=50K
'2474',<=50K
'2475',<=50K
'2476',<=50K
'2477',<=50K
'2478',<=50K
'2479',<=50K
'2480',<=50K
'2481',<=50K
'2482',<=50K
'2483',<=50K
'2484',<=50K
'2485',<=50K
'2486',<=50K
'2487',<=50K
'2488',<=50K
'2489',<=50K
'2490',<=50K
'2491',<=50K
'2492',<=50K
'2493',<=50K
'2494',<=50K
'2495',<=50K
'2496',<=50K
'2497',<=50K
'2498',<=50K
'2499',<=50K
'2500',<=50K
'2501',<=50K
'2502',<=50K
'2503',<=50K
'2504',<=50K
'2505',<=50K
'2506',<=50K
'2507',<=50K
'2508',<=50K
'2509',<=50K
'2510',<=50K
'2511',<=50K
'2512',<=50K
'2513',<=50K
'2514',<=50K
'2515',<=50K
'2516',<=50K
'2517',<=50K
'2518',<=50K
'2519',<=50K
'2520',<=50K
'2521',<=50K
'2522',<=50K
'2523',<=50K
'2524',<=50K
'2525',<=50K
'2526',<=50K
'2527',<=50K
'2528',<=50K
'2529',<=50K
'2530',<=50K
'2531',<=50K
'2532',<=50K
'2533',<=50K
'2534',<=50K
'2535',<=50K
'2536',<=50K
'2537',<=50K
'2538',<=50K
'2539',<=50K
'2540',<=50K
'2541',<=50K
'2542',<=50K
'2543',<=50K
'2544',<=50K
'2545',<=50K
'2546',<=50K
'2547',<=50K
'2548',<=50K
'2549',<=50K
'2550',<=50K
'2551',<=50K
'2552',<=50K
'2553',<=50K
'2554',<=50K
'2555',<=50K
'2556',<=50K
'2557',<=50K
'2558',<=50K
'2559',<=50K
'2560',<=50K
'2561',<=50K
'2562',<=50K
'2563',<=50K
'2564',<=50K
'2565',<=50K
'2566',<=50K
'2567',<=50K
'2568',<=50K
'2569',<=50K
'2570',<=50K
'2571',<=50K
'2572',<=50K
'2573',<=50K
'2574',<=50K
'2575',>50K
'2576',<=50K
'2577',<=50K
'2578',<=50K
'2579',<=50K
'2580',<=50K
'2581',<=50K
'2582',<=50K
'2583',<=50K
'2584',<=50K
'2585',<=50K
'2586',<=50K
'2587',<=50K
'2588',<=50K
'2589',<=50K
'2590',<=50K
'2591',<=50K
'2592',<=50K
'2593',<=50K
'2594',<=50K
'2595',<=50K
'2596',<=50K
'2597',<=50K
'2598',<=50K
'2599',<=50K
'2600',<=50K
'2601',<=50K
'2602',<=50K
'2603',<=50K
'2604',<=50K
'2605',<=50K
'2606',<=50K
'2607',<=50K
'2608',<=50K
'2609',<=50K
'2610',<=50K
'2611',<=50K
'2612',<=50K
'2613',<=50K
'2614',<=50K
'2615',<=50K
'2616',<=50K
'2617',<=50K
'2618',<=50K
'2619',<=50K
'2620',<=50K
'2621',<=50K
'2622',<=50K
'2623',<=50K
'2624',<=50K
'2625',<=50K
'2626',<=50K
'2627',<=50K
'2628',<=50K
'2629',<=50K
'2630',<=50K
'2631',<=50K
'2632',<=50K
'2633',<=50K
'2634',<=50K
'2635',<=50K
'2636',<=50K
'2637',<=50K
'2638',<=50K
'2639',<=50K
'2640',<=50K
'2641',<=50K
'2642',<=50K
'2643',<=50K
'2644',<=50K
'2645',<=50K
'2646',<=50K
'2647',<=50K
'2648',<=50K
'2649',<=50K
'2650',<=50K
'2651',<=50K
'2652',<=50K
'2653',<=50K
'2654',<=50K
'2655',<=50K
'2656',<=50K
'2657',<=50K
'2658',<=50K
'2659',<=50K
'2660',<=50K
'2661',<=50K
'2662',<=50K
'2663',<=50K
'2664',<=50K
'2665',<=50K
'2666',<=50K
'2667',<=50K
'2668',<=50K
'2669',<=50K
'2670',<=50K
'2671',<=50K
'2672',<=50K
'2673',<=50K
'2674',<=50K
'2675',<=50K
'2676',<=50K
'2677',<=50K
'2678',<=50K
'2679',<=50K
'2680',<=50K
'2681',<=50K
'2682',<=50K
'2683',<=50K
'2684',<=50K
'2685',<=50K
'2686',<=50K
'2687',<=50K
'2688',<=50K
'2689',<=50K
'2690',<=50K
'2691',<=50K
'2692',<=50K
'2693',<=50K
'2694',<=50K
'2695',<=50K
'2696',<=50K
'2697',<=50K
'2698',<=50K
'2699',<=50K
'2700',<=50K
'2701',<=50K
'2702',<=50K
'2703',<=50K
'2704',<=50K
'2705',<=50K
'2706',<=50K
'2707',<=50K
'2708',<=50K
'2709',<=50K
'2710',<=50K
'2711',<=50K
'2712',<=50K
'2713',<=50K
'2714',<=50K
'2715',<=50K
'2716',<=50K
'2717',<=50K
'2718',<=50K
'2719',<=50K
'2720',<=50K
'2721',<=50K
'2722',<=50K
'2723',<=50K
'2724',<=50K
'2725',<=50K
'2726',<=50K
'2727',<=50K
'2728',<=50K
'2729',<=50K
'2730',<=50K
'2731',<=50K
'2732',<=50K
'2733',<=50K
'2734',<=50K
'2735',<=50K
'2736',<=50K
'2737',<=50K
'2738',<=50K
'2739',<=50K
'2740',<=50K
'2741',<=50K
'2742',<=50K
'2743',<=50K
'2744',<=50K
'2745',<=50K
'2746',<=50K
'2747',<=50K
'2748',<=50K
'2749',<=50K
'2750',<=50K
'2751',<=50K
'2752',<=50K
'2753',<=50K
'2754',<=50K
'2755',<=50K
'2756',<=50K
'2757',<=50K
'2758',<=50K
'2759',<=50K
'2760',<=50K
'2761',<=50K
'2762',<=50K
'2763',<=50K
'2764',<=50K
'2765',<=50K
'2766',<=50K
'2767',<=50K
'2768',<=50K
'2769',<=50K
'2770',<=50K
'2771',<=50K
'2772',<=50K
'2773',<=50K
'2774',<=50K
'2775',<=50K
'2776',<=50K
'2777',<=50K
'2778',<=50K
'2779',<=50K
'2780',<=50K
'2781',<=50K
'2782',<=50K
'2783',<=50K
'2784',<=50K
'2785',<=50K
'2786',<=50K
'2787',<=50K
'2788',<=50K
'2789',<=50K
'2790',<=50K
'2791',<=50K
'2792',<=50K
'2793',<=50K
'2794',<=50K
'2795',<=50K
'2796',<=50K
'2797',<=50K
'2798',<=50K
'2799',<=50K
'2800',<=50K
'2801',<=50K
'2802',<=50K
'2803',<=50K
'2804',<=50K
'2805',<=50K
'2806',<=50K
'2807',<=50K
'2808',<=50K
'2809',<=50K
'2810',<=50K
'2811',<=50K
'2812',<=50K
'2813',<=50K
'2814',<=50K
'2815',<=50K
'2816',<=50K
'2817',<=50K
'2818',<=50K
'2819',<=50K
'2820',<=50K
'2821',<=50K
'2822',<=50K
'2823',<=50K
'2824',<=50K
'2825',<=50K
'2826',<=50K
'2827',<=50K
'2828',<=50K
'2829',<=50K
'2830',<=50K
'2831',<=50K
'2832',<=50K
'2833',<=50K
'2834',<=50K
'2835',<=50K
'2836',<=50K
'2837',<=50K
'2838',<=50K
'2839',<=50K
'2840',<=50K
'2841',<=50K
'2842',<=50K
'2843',<=50K
'2844',<=50K
'2845',<=50K
'2846',<=50K
'2847',<=50K
'2848',<=50K
'2849',<=50K
'2850',<=50K
'2851',<=50K
'2852',<=50K
'2853',<=50K
'2854',<=50K
'2855',<=50K
'2856',<=50K
'2857',<=50K
'2858',<=50K
'2859',<=50K
'2860',<=50K
'2861',<=50K
'2862',<=50K
'2863',<=50K
'2864',<=50K
'2865',<=50K
'2866',<=50K
'2867',<=50K
'2868',<=50K
'2869',<=50K
'2870',<=50K
'2871',<=50K
'2872',<=50K
'2873',<=50K
'2874',<=50K
'2875',<=50K
'2876',<=50K
'2877',<=50K
'2878',<=50K
'2879',<=50K
'2880',<=50K
'2881',<=50K
'2882',<=50K
'2883',<=50K
'2884',<=50K
'2885',<=50K
'2886',<=50K
'2887',<=50K
'2888',<=50K
'2889',<=50K
'2890',<=50K
'2891',<=50K
'2892',<=50K
'2893',<=50K
'2894',<=50K
'2895',<=50K
'2896',<=50K
'2897',<=50K
'2898',<=50K
'2899',<=50K
'2900',<=50K
'2901',<=50K
'2902',<=50K
'2903',<=50K
'2904',<=50K
'2905',<=50K
'2906',<=50K
'2907',<=50K
'2908',<=50K
'2909',<=50K
'2910',<=50K
'2911',<=50K
'2912',<=50K
'2913',<=50K
'2914',<=50K
'2915',<=50K
'2916',<=50K
'2917',<=50K
'2918',<=50K
'2919',<=50K
'2920',<=50K
'2921',<=50K
'2922',<=50K
'2923',<=50K
'2924',<=50K
'2925',<=50K
'2926',<=50K
'2927',<=50K
'2928',<=50K
'2929',<=50K
'2930',<=50K
'2931',<=50K
'2932',<=50K
'2933',<=50K
'2934',<=50K
'2935',<=50K
'2936',<=50K
'2937',<=50K
'2938',<=50K
'2939',<=50K
'2940',<=50K
'2941',<=50K
'2942',<=50K
'2943',<=50K
'2944',<=50K
'2945',<=50K
'2946',<=50K
'2947',<=50K
'2948',<=50K
'2949',<=50K
'2950',<=50K
'2951',<=50K
'2952',<=50K
'2953',<=50K
'2954',<=50K
'2955',<=50K
'2956',<=50K
'2957',<=50K
'2958',<=50K
'2959',<=50K
'2960',<=50K
'2961',<=50K
'2962',<=50K
'2963',<=50K
'2964',<=50K
'2965',<=50K
'2966',<=50K
'2967',<=50K
'2968',<=50K
'2969',<=50K
'2970',<=50K
'2971',<=50K
'2972',<=50K
'2973',<=50K
'2974',<=50K
'2975',<=50K
'2976',<=50K
'2977',<=50K
'2978',<=50K
'2979',<=50K
'2980',<=50K
'2981',<=50K
'2982',<=50K
'2983',<=50K
'2984',<=50K
'2985',<=50K
'2986',<=50K
'2987',<=50K
'2988',<=50K
'2989',<=50K
'2990',<=50K
'2991',<=50K
'2992',<=50K
'2993',<=50K
'2994',<=50K
'2995',<=50K
'2996',<=50K
'2997',<=50K
'2998',<=50K
'2999',<=50K
'3000',<=50K
'3001',<=50K
'3002',<=50K
'3003',<=50K
'3004',<=50K
'3005',<=50K
'3006',<=50K
'3007',<=50K
'3008',<=50K
'3009',<=50K
'3010',<=50K
'3011',<=50K
'3012',<=50K
'3013',<=50K
'3014',<=50K
'3015',<=50K
'3016',<=50K
'3017',<=50K
'3018',<=50K
'3019',<=50K
'3020',<=50K
'3021',<=50K
'3022',<=50K
'3023',<=50K
'3024',<=50K
'3025',<=50K
'3026',<=50K
'3027',<=50K
'3028',<=50K
'3029',>50K
'3030',<=50K
'3031',<=50K
'3032',<=50K
'3033',<=50K
'3034',<=50K
'3035',<=50K
'3036',<=50K
'3037',<=50K
'3038',<=50K
'3039',<=50K
'3040',<=50K
'3041',<=50K
'3042',<=50K
'3043',<=50K
'3044',<=50K
'3045',<=50K
'3046',<=50K
'3047',<=50K
'3048',<=50K
'3049',<=50K
'3050',<=50K
'3051',<=50K
'3052',<=50K
'3053',<=50K
'3054',<=50K
'3055',<=50K
'3056',<=50K
'3057',>50K
'3058',<=50K
'3059',<=50K
'3060',<=50K
'3061',<=50K
'3062',<=50K
'3063',<=50K
'3064',<=50K
'3065',<=50K
'3066',<=50K
'3067',<=50K
'3068',<=50K
'3069',<=50K
'3070',<=50K
'3071',<=50K
'3072',<=50K
'3073',<=50K
'3074',<=50K
'3075',<=50K
'3076',<=50K
'3077',<=50K
'3078',<=50K
'3079',<=50K
'3080',<=50K
'3081',<=50K
'3082',<=50K
'3083',<=50K
'3084',<=50K
'3085',<=50K
'3086',<=50K
'3087',<=50K
'3088',<=50K
'3089',<=50K
'3090',<=50K
'3091',<=50K
'3092',<=50K
'3093',<=50K
'3094',<=50K
'3095',<=50K
'3096',<=50K
'3097',<=50K
'3098',<=50K
'3099',<=50K
'3100',<=50K
'3101',<=50K
'3102',<=50K
'3103',<=50K
'3104',<=50K
'3105',<=50K
'3106',<=50K
'3107',<=50K
'3108',<=50K
'3109',<=50K
'3110',<=50K
'3111',<=50K
'3112',<=50K
'3113',<=50K
'3114',<=50K
'3115',<=50K
'3116',<=50K
'3117',<=50K
'3118',<=50K
'3119',<=50K
'3120',<=50K
'3121',<=50K
'3122',<=50K
'3123',<=50K
'3124',<=50K
'3125',<=50K
'3126',<=50K
'3127',<=50K
'3128',<=50K
'3129',<=50K
'3130',<=50K
'3131',<=50K
'3132',<=50K
'3133',<=50K
'3134',<=50K
'3135',<=50K
'3136',<=50K
'3137',<=50K
'3138',<=50K
'3139',<=50K
'3140',<=50K
'3141',<=50K
'3142',<=50K
'3143',<=50K
'3144',<=50K
'3145',<=50K
'3146',<=50K
'3147',<=50K
'3148',<=50K
'3149',<=50K
'3150',<=50K
'3151',<=50K
'3152',<=50K
'3153',<=50K
'3154',<=50K
'3155',<=50K
'3156',<=50K
'3157',<=50K
'3158',<=50K
'3159',<=50K
'3160',<=50K
'3161',<=50K
'3162',<=50K
'3163',<=50K
'3164',<=50K
'3165',<=50K
'3166',<=50K
'3167',<=50K
'3168',<=50K
'3169',<=50K
'3170',<=50K
'3171',<=50K
'3172',<=50K
'3173',<=50K
'3174',<=50K
'3175',<=50K
'3176',<=50K
'3177',<=50K
'3178',<=50K
'3179',<=50K
'3180',<=50K
'3181',<=50K
'3182',<=50K
'3183',<=50K
'3184',<=50K
'3185',<=50K
'3186',<=50K
'3187',<=50K
'3188',<=50K
'3189',<=50K
'3190',<=50K
'3191',<=50K
'3192',<=50K
'3193',<=50K
'3194',<=50K
'3195',<=50K
'3196',<=50K
'3197',<=50K
'3198',<=50K
'3199',<=50K
'3200',<=50K
'3201',<=50K
'3202',<=50K
'3203',<=50K
'3204',<=50K
'3205',<=50K
'3206',<=50K
'3207',<=50K
'3208',<=50K
'3209',<=50K
'3210',<=50K
'3211',<=50K
'3212',<=50K
'3213',<=50K
'3214',<=50K
'3215',<=50K
'3216',<=50K
'3217',<=50K
'3218',<=50K
'3219',<=50K
'3220',<=50K
'3221',<=50K
'3222',<=50K
'3223',<=50K
'3224',<=50K
'3225',<=50K
'3226',<=50K
'3227',>50K
'3228',<=50K
'3229',<=50K
'3230',<=50K
'3231',<=50K
'3232',<=50K
'3233',<=50K
'3234',<=50K
'3235',<=50K
'3236',<=50K
'3237',<=50K
'3238',<=50K
'3239',<=50K
'3240',<=50K
'3241',<=50K
'3242',<=50K
'3243',<=50K
'3244',<=50K
'3245',<=50K
'3246',<=50K
'3247',<=50K
'3248',<=50K
'3249',<=50K
'3250',<=50K
'3251',<=50K
'3252',<=50K
'3253',<=50K
'3254',<=50K
'3255',<=50K
'3256',<=50K
'3257',<=50K
'3258',<=50K
'3259',<=50K
'3260',<=50K
'3261',<=50K
'3262',<=50K
'3263',<=50K
'3264',<=50K
'3265',<=50K
'3266',<=50K
'3267',<=50K
'3268',<=50K
'3269',<=50K
'3270',<=50K
'3271',<=50K
'3272',<=50K
'3273',<=50K
'3274',<=50K
'3275',<=50K
'3276',<=50K
'3277',<=50K
'3278',<=50K
'3279',<=50K
'3280',<=50K
'3281',<=50K
'3282',<=50K
'3283',<=50K
'3284',<=50K
'3285',<=50K
'3286',<=50K
'3287',<=50K
'3288',<=50K
'3289',<=50K
'3290',<=50K
'3291',<=50K
'3292',<=50K
'3293',<=50K
'3294',<=50K
'3295',<=50K
'3296',<=50K
'3297',<=50K
'3298',<=50K
'3299',<=50K
'3300',<=50K
'3301',<=50K
'3302',<=50K
'3303',<=50K
'3304',<=50K
'3305',<=50K
'3306',<=50K
'3307',<=50K
'3308',<=50K
'3309',<=50K
'3310',<=50K
'3311',<=50K
'3312',<=50K
'3313',<=50K
'3314',<=50K
'3315',<=50K
'3316',<=50K
'3317',<=50K
'3318',<=50K
'3319',<=50K
'3320',<=50K
'3321',<=50K
'3322',<=50K
'3323',<=50K
'3324',<=50K
'3325',<=50K
'3326',<=50K
'3327',<=50K
'3328',<=50K
'3329',<=50K
'3330',<=50K
'3331',<=50K
'3332',<=50K
'3333',<=50K
'3334',<=50K
'3335',<=50K
'3336',<=50K
'3337',<=50K
'3338',<=50K
'3339',<=50K
'3340',<=50K
'3341',<=50K
'3342',<=50K
'3343',<=50K
'3344',<=50K
'3345',<=50K
'3346',<=50K
'3347',>50K
'3348',<=50K
'3349',<=50K
'3350',<=50K
'3351',<=50K
'3352',<=50K
'3353',<=50K
'3354',<=50K
'3355',<=50K
'3356',<=50K
'3357',<=50K
'3358',<=50K
'3359',<=50K
'3360',<=50K
'3361',<=50K
'3362',<=50K
'3363',<=50K
'3364',<=50K
'3365',<=50K
'3366',<=50K
'3367',<=50K
'3368',<=50K
'3369',<=50K
'3370',<=50K
'3371',<=50K
'3372',<=50K
'3373',<=50K
'3374',<=50K
'3375',<=50K
'3376',<=50K
'3377',<=50K
'3378',<=50K
'3379',<=50K
'3380',<=50K
'3381',<=50K
'3382',<=50K
'3383',<=50K
'3384',<=50K
'3385',<=50K
'3386',<=50K
'3387',<=50K
'3388',<=50K
'3389',<=50K
'3390',<=50K
'3391',<=50K
'3392',<=50K
'3393',<=50K
'3394',<=50K
'3395',<=50K
'3396',<=50K
'3397',<=50K
'3398',<=50K
'3399',<=50K
'3400',<=50K
'3401',<=50K
'3402',<=50K
'3403',<=50K
'3404',<=50K
'3405',<=50K
'3406',<=50K
'3407',<=50K
'3408',<=50K
'3409',<=50K
'3410',<=50K
'3411',<=50K
'3412',<=50K
'3413',<=50K
'3414',<=50K
'3415',<=50K
'3416',<=50K
'3417',<=50K
'3418',<=50K
'3419',<=50K
'3420',<=50K
'3421',<=50K
'3422',<=50K
'3423',<=50K
'3424',<=50K
'3425',<=50K
'3426',<=50K
'3427',<=50K
'3428',<=50K
'3429',<=50K
'3430',<=50K
'3431',<=50K
'3432',<=50K
'3433',<=50K
'3434',<=50K
'3435',<=50K
'3436',<=50K
'3437',<=50K
'3438',<=50K
'3439',<=50K
'3440',<=50K
'3441',<=50K
'3442',<=50K
'3443',<=50K
'3444',<=50K
'3445',<=50K
'3446',<=50K
'3447',<=50K
'3448',<=50K
'3449',<=50K
'3450',<=50K
'3451',<=50K
'3452',<=50K
'3453',<=50K
'3454',<=50K
'3455',<=50K
'3456',<=50K
'3457',<=50K
'3458',<=50K
'3459',<=50K
'3460',<=50K
'3461',<=50K
'3462',<=50K
'3463',<=50K
'3464',<=50K
'3465',<=50K
'3466',<=50K
'3467',<=50K
'3468',<=50K
'3469',<=50K
'3470',<=50K
'3471',<=50K
'3472',<=50K
'3473',<=50K
'3474',<=50K
'3475',<=50K
'3476',<=50K
'3477',<=50K
'3478',<=50K
'3479',<=50K
'3480',<=50K
'3481',<=50K
'3482',<=50K
'3483',<=50K
'3484',<=50K
'3485',<=50K
'3486',<=50K
'3487',<=50K
'3488',<=50K
'3489',<=50K
'3490',<=50K
'3491',<=50K
'3492',<=50K
'3493',<=50K
'3494',<=50K
'3495',<=50K
'3496',<=50K
'3497',<=50K
'3498',<=50K
'3499',<=50K
'3500',<=50K
'3501',<=50K
'3502',<=50K
'3503',<=50K
'3504',<=50K
'3505',<=50K
'3506',<=50K
'3507',<=50K
'3508',<=50K
'3509',<=50K
'3510',<=50K
'3511',<=50K
'3512',<=50K
'3513',<=50K
'3514',<=50K
'3515',<=50K
'3516',<=50K
'3517',<=50K
'3518',<=50K
'3519',<=50K
'3520',<=50K
'3521',<=50K
'3522',<=50K
'3523',<=50K
'3524',<=50K
'3525',<=50K
'3526',<=50K
'3527',<=50K
'3528',<=50K
'3529',<=50K
'3530',<=50K
'3531',<=50K
'3532',<=50K
'3533',<=50K
'3534',<=50K
'3535',<=50K
'3536',<=50K
'3537',<=50K
'3538',<=50K
'3539',<=50K
'3540',<=50K
'3541',<=50K
'3542',<=50K
'3543',<=50K
'3544',<=50K
'3545',<=50K
'3546',<=50K
'3547',<=50K
'3548',<=50K
'3549',<=50K
'3550',<=50K
'3551',<=50K
'3552',<=50K
'3553',<=50K
'3554',<=50K
'3555',<=50K
'3556',<=50K
'3557',<=50K
'3558',<=50K
'3559',<=50K
'3560',<=50K
'3561',<=50K
'3562',<=50K
'3563',<=50K
'3564',<=50K
'3565',<=50K
'3566',<=50K
'3567',<=50K
'3568',<=50K
'3569',<=50K
'3570',<=50K
'3571',<=50K
'3572',<=50K
'3573',<=50K
'3574',<=50K
'3575',<=50K
'3576',<=50K
'3577',<=50K
'3578',<=50K
'3579',<=50K
'3580',<=50K
'3581',<=50K
'3582',<=50K
'3583',<=50K
'3584',<=50K
'3585',<=50K
'3586',<=50K
'3587',<=50K
'3588',<=50K
'3589',<=50K
'3590',<=50K
'3591',<=50K
'3592',<=50K
'3593',<=50K
'3594',<=50K
'3595',<=50K
'3596',<=50K
'3597',<=50K
'3598',<=50K
'3599',<=50K
'3600',<=50K
'3601',<=50K
'3602',<=50K
'3603',<=50K
'3604',<=50K
'3605',<=50K
'3606',<=50K
'3607',<=50K
'3608',<=50K
'3609',<=50K
'3610',<=50K
'3611',<=50K
'3612',<=50K
'3613',<=50K
'3614',<=50K
'3615',<=50K
'3616',<=50K
'3617',<=50K
'3618',<=50K
'3619',<=50K
'3620',<=50K
'3621',<=50K
'3622',<=50K
'3623',<=50K
'3624',<=50K
'3625',<=50K
'3626',<=50K
'3627',<=50K
'3628',<=50K
'3629',<=50K
'3630',<=50K
'3631',<=50K
'3632',<=50K
'3633',<=50K
'3634',<=50K
'3635',<=50K
'3636',<=50K
'3637',<=50K
'3638',<=50K
'3639',<=50K
'3640',<=50K
'3641',<=50K
'3642',<=50K
'3643',<=50K
'3644',<=50K
'3645',<=50K
'3646',<=50K
'3647',<=50K
'3648',<=50K
'3649',<=50K
'3650',<=50K
'3651',<=50K
'3652',<=50K
'3653',<=50K
'3654',<=50K
'3655',<=50K
'3656',<=50K
'3657',<=50K
'3658',<=50K
'3659',<=50K
'3660',<=50K
'3661',<=50K
'3662',<=50K
'3663',<=50K
'3664',<=50K
'3665',<=50K
'3666',<=50K
'3667',<=50K
'3668',<=50K
'3669',<=50K
'3670',<=50K
'3671',<=50K
'3672',<=50K
'3673',<=50K
'3674',<=50K
'3675',<=50K
'3676',<=50K
'3677',<=50K
'3678',<=50K
'3679',<=50K
'3680',<=50K
'3681',<=50K
'3682',<=50K
'3683',<=50K
'3684',<=50K
'3685',<=50K
'3686',<=50K
'3687',<=50K
'3688',<=50K
'3689',<=50K
'3690',<=50K
'3691',<=50K
'3692',<=50K
'3693',<=50K
'3694',<=50K
'3695',<=50K
'3696',<=50K
'3697',<=50K
'3698',<=50K
'3699',<=50K
'3700',<=50K
'3701',<=50K
'3702',<=50K
'3703',<=50K
'3704',<=50K
'3705',<=50K
'3706',<=50K
'3707',<=50K
'3708',<=50K
'3709',<=50K
'3710',<=50K
'3711',<=50K
'3712',<=50K
'3713',<=50K
'3714',<=50K
'3715',<=50K
'3716',<=50K
'3717',<=50K
'3718',<=50K
'3719',<=50K
'3720',<=50K
'3721',<=50K
'3722',<=50K
'3723',<=50K
'3724',<=50K
'3725',<=50K
'3726',<=50K
'3727',<=50K
'3728',<=50K
'3729',<=50K
'3730',<=50K
'3731',<=50K
'3732',<=50K
'3733',<=50K
'3734',<=50K
'3735',<=50K
'3736',<=50K
'3737',<=50K
'3738',<=50K
'3739',<=50K
'3740',<=50K
'3741',<=50K
'3742',<=50K
'3743',<=50K
'3744',<=50K
'3745',<=50K
'3746',<=50K
'3747',<=50K
'3748',<=50K
'3749',<=50K
'3750',<=50K
'3751',<=50K
'3752',<=50K
'3753',>50K
'3754',<=50K
'3755',<=50K
'3756',<=50K
'3757',<=50K
'3758',<=50K
'3759',<=50K
'3760',<=50K
'3761',<=50K
'3762',<=50K
'3763',<=50K
'3764',<=50K
'3765',<=50K
'3766',<=50K
'3767',<=50K
'3768',<=50K
'3769',<=50K
'3770',<=50K
'3771',<=50K
'3772',<=50K
'3773',<=50K
'3774',<=50K
'3775',<=50K
'3776',<=50K
'3777',<=50K
'3778',<=50K
'3779',<=50K
'3780',<=50K
'3781',<=50K
'3782',<=50K
'3783',<=50K
'3784',<=50K
'3785',<=50K
'3786',<=50K
'3787',<=50K
'3788',<=50K
'3789',<=50K
'3790',<=50K
'3791',<=50K
'3792',>50K
'3793',<=50K
'3794',<=50K
'3795',<=50K
'3796',<=50K
'3797',<=50K
'3798',<=50K
'3799',<=50K
'3800',<=50K
'3801',<=50K
'3802',<=50K
'3803',<=50K
'3804',<=50K
'3805',<=50K
'3806',<=50K
'3807',<=50K
'3808',<=50K
'3809',<=50K
'3810',<=50K
'3811',<=50K
'3812',<=50K
'3813',<=50K
'3814',<=50K
'3815',<=50K
'3816',<=50K
'3817',<=50K
'3818',<=50K
'3819',<=50K
'3820',<=50K
'3821',<=50K
'3822',<=50K
'3823',<=50K
'3824',<=50K
'3825',<=50K
'3826',<=50K
'3827',<=50K
'3828',<=50K
'3829',<=50K
'3830',<=50K
'3831',<=50K
'3832',<=50K
'3833',<=50K
'3834',<=50K
'3835',<=50K
'3836',<=50K
'3837',<=50K
'3838',<=50K
'3839',<=50K
'3840',<=50K
'3841',<=50K
'3842',<=50K
'3843',<=50K
'3844',<=50K
'3845',<=50K
'3846',<=50K
'3847',<=50K
'3848',<=50K
'3849',<=50K
'3850',<=50K
'3851',<=50K
'3852',<=50K
'3853',<=50K
'3854',<=50K
'3855',<=50K
'3856',<=50K
'3857',<=50K
'3858',<=50K
'3859',<=50K
'3860',<=50K
'3861',<=50K
'3862',<=50K
'3863',<=50K
'3864',<=50K
'3865',<=50K
'3866',<=50K
'3867',<=50K
'3868',<=50K
'3869',<=50K
'3870',<=50K
'3871',<=50K
'3872',<=50K
'3873',<=50K
'3874',<=50K
'3875',<=50K
'3876',<=50K
'3877',<=50K
'3878',<=50K
'3879',<=50K
'3880',<=50K
'3881',<=50K
'3882',<=50K
'3883',<=50K
'3884',<=50K
'3885',<=50K
'3886',<=50K
'3887',<=50K
'3888',<=50K
'3889',<=50K
'3890',<=50K
'3891',<=50K
'3892',<=50K
'3893',<=50K
'3894',<=50K
'3895',<=50K
'3896',<=50K
'3897',<=50K
'3898',<=50K
'3899',<=50K
'3900',<=50K
'3901',<=50K
'3902',<=50K
'3903',<=50K
'3904',<=50K
'3905',<=50K
'3906',<=50K
'3907',<=50K
'3908',<=50K
'3909',<=50K
'3910',<=50K
'3911',<=50K
'3912',<=50K
'3913',<=50K
'3914',<=50K
'3915',<=50K
'3916',<=50K
'3917',<=50K
'3918',<=50K
'3919',<=50K
'3920',<=50K
'3921',<=50K
'3922',<=50K
'3923',<=50K
'3924',<=50K
'3925',<=50K
'3926',<=50K
'3927',<=50K
'3928',<=50K
'3929',<=50K
'3930',<=50K
'3931',<=50K
'3932',<=50K
'3933',<=50K
'3934',<=50K
'3935',<=50K
'3936',<=50K
'3937',<=50K
'3938',<=50K
'3939',<=50K
'3940',<=50K
'3941',<=50K
'3942',<=50K
'3943',<=50K
'3944',<=50K
'3945',<=50K
'3946',<=50K
'3947',<=50K
'3948',<=50K
'3949',<=50K
'3950',<=50K
'3951',<=50K
'3952',<=50K
'3953',<=50K
'3954',<=50K
'3955',<=50K
'3956',<=50K
'3957',<=50K
'3958',<=50K
'3959',<=50K
'3960',<=50K
'3961',<=50K
'3962',<=50K
'3963',<=50K
'3964',<=50K
'3965',<=50K
'3966',<=50K
'3967',<=50K
'3968',<=50K
'3969',<=50K
'3970',<=50K
'3971',<=50K
'3972',<=50K
'3973',<=50K
'3974',<=50K
'3975',<=50K
'3976',<=50K
'3977',<=50K
'3978',<=50K
'3979',<=50K
'3980',<=50K
'3981',<=50K
'3982',<=50K
'3983',<=50K
'3984',<=50K
'3985',<=50K
'3986',<=50K
'3987',<=50K
'3988',<=50K
'3989',<=50K
'3990',>50K
'3991',<=50K
'3992',>50K
'3993',<=50K
'3994',<=50K
'3995',<=50K
'3996',<=50K
'3997',<=50K
'3998',<=50K
'3999',<=50K
'4000',<=50K
'4001',<=50K
'4002',<=50K
'4003',<=50K
'4004',<=50K
'4005',<=50K
'4006',<=50K
'4007',<=50K
'4008',<=50K
'4009',<=50K
'4010',<=50K
'4011',<=50K
'4012',<=50K
'4013',<=50K
'4014',<=50K
'4015',<=50K
'4016',<=50K
'4017',<=50K
'4018',<=50K
'4019',<=50K
'4020',<=50K
'4021',<=50K
'4022',<=50K
'4023',<=50K
'4024',<=50K
'4025',<=50K
'4026',<=50K
'4027',<=50K
'4028',<=50K
'4029',<=50K
'4030',<=50K
'4031',<=50K
'4032',<=50K
'4033',<=50K
'4034',<=50K
'4035',<=50K
'4036',<=50K
'4037',<=50K
'4038',<=50K
'4039',<=50K
'4040',<=50K
'4041',<=50K
'4042',<=50K
'4043',<=50K
'4044',<=50K
'4045',<=50K
'4046',<=50K
'4047',<=50K
'4048',<=50K
'4049',<=50K
'4050',<=50K
'4051',<=50K
'4052',<=50K
'4053',<=50K
'4054',<=50K
'4055',<=50K
'4056',<=50K
'4057',<=50K
'4058',<=50K
'4059',<=50K
'4060',<=50K
'4061',<=50K
'4062',<=50K
'4063',<=50K
'4064',<=50K
'4065',<=50K
'4066',<=50K
'4067',<=50K
'4068',<=50K
'4069',<=50K
'4070',<=50K
'4071',<=50K
'4072',<=50K
'4073',<=50K
'4074',<=50K
'4075',<=50K
'4076',<=50K
'4077',<=50K
'4078',<=50K
'4079',<=50K
'4080',<=50K
'4081',<=50K
'4082',<=50K
'4083',<=50K
'4084',<=50K
'4085',<=50K
'4086',<=50K
'4087',<=50K
'4088',<=50K
'4089',<=50K
'4090',<=50K
'4091',<=50K
'4092',<=50K
'4093',<=50K
'4094',<=50K
'4095',<=50K
'4096',<=50K
'4097',<=50K
'4098',<=50K
'4099',<=50K
'4100',<=50K
'4101',<=50K
'4102',<=50K
'4103',<=50K
'4104',<=50K
'4105',<=50K
'4106',<=50K
'4107',<=50K
'4108',<=50K
'4109',<=50K
'4110',<=50K
'4111',<=50K
'4112',<=50K
'4113',<=50K
'4114',<=50K
'4115',<=50K
'4116',<=50K
'4117',<=50K
'4118',<=50K
'4119',<=50K
'4120',<=50K
'4121',<=50K
'4122',<=50K
'4123',<=50K
'4124',<=50K
'4125',<=50K
'4126',<=50K
'4127',<=50K
'4128',<=50K
'4129',<=50K
'4130',<=50K
'4131',<=50K
'4132',<=50K
'4133',<=50K
'4134',<=50K
'4135',<=50K
'4136',<=50K
'4137',<=50K
'4138',<=50K
'4139',<=50K
'4140',<=50K
'4141',<=50K
'4142',<=50K
'4143',<=50K
'4144',<=50K
'4145',<=50K
'4146',<=50K
'4147',<=50K
'4148',<=50K
'4149',<=50K
'4150',<=50K
'4151',<=50K
'4152',<=50K
'4153',<=50K
'4154',<=50K
'4155',<=50K
'4156',<=50K
'4157',<=50K
'4158',<=50K
'4159',<=50K
'4160',<=50K
'4161',<=50K
'4162',<=50K
'4163',<=50K
'4164',<=50K
'4165',<=50K
'4166',<=50K
'4167',<=50K
'4168',<=50K
'4169',<=50K
'4170',<=50K
'4171',<=50K
'4172',<=50K
'4173',<=50K
'4174',<=50K
'4175',<=50K
'4176',<=50K
'4177',<=50K
'4178',<=50K
'4179',<=50K
'4180',<=50K
'4181',<=50K
'4182',<=50K
'4183',<=50K
'4184',<=50K
'4185',<=50K
'4186',<=50K
'4187',<=50K
'4188',<=50K
'4189',<=50K
'4190',<=50K
'4191',<=50K
'4192',<=50K
'4193',<=50K
'4194',<=50K
'4195',<=50K
'4196',<=50K
'4197',<=50K
'4198',<=50K
'4199',<=50K
'4200',<=50K
'4201',<=50K
'4202',<=50K
'4203',<=50K
'4204',<=50K
'4205',<=50K
'4206',<=50K
'4207',<=50K
'4208',<=50K
'4209',<=50K
'4210',<=50K
'4211',<=50K
'4212',<=50K
'4213',<=50K
'4214',<=50K
'4215',<=50K
'4216',<=50K
'4217',<=50K
'4218',<=50K
'4219',<=50K
'4220',<=50K
'4221',<=50K
'4222',<=50K
'4223',<=50K
'4224',<=50K
'4225',<=50K
'4226',<=50K
'4227',<=50K
'4228',<=50K
'4229',<=50K
'4230',<=50K
'4231',<=50K
'4232',<=50K
'4233',<=50K
'4234',<=50K
'4235',<=50K
'4236',<=50K
'4237',<=50K
'4238',<=50K
'4239',<=50K
'4240',<=50K
'4241',<=50K
'4242',<=50K
'4243',<=50K
'4244',<=50K
'4245',<=50K
'4246',<=50K
'4247',<=50K
'4248',<=50K
'4249',<=50K
'4250',<=50K
'4251',<=50K
'4252',<=50K
'4253',<=50K
'4254',<=50K
'4255',<=50K
'4256',<=50K
'4257',<=50K
'4258',<=50K
'4259',<=50K
'4260',<=50K
'4261',<=50K
'4262',<=50K
'4263',<=50K
'4264',<=50K
'4265',<=50K
'4266',<=50K
'4267',<=50K
'4268',<=50K
'4269',<=50K
'4270',<=50K
'4271',<=50K
'4272',<=50K
'4273',<=50K
'4274',<=50K
'4275',<=50K
'4276',<=50K
'4277',<=50K
'4278',<=50K
'4279',<=50K
'4280',<=50K
'4281',<=50K
'4282',<=50K
'4283',<=50K
'4284',<=50K
'4285',<=50K
'4286',<=50K
'4287',<=50K
'4288',<=50K
'4289',<=50K
'4290',<=50K
'4291',<=50K
'4292',<=50K
'4293',<=50K
'4294',<=50K
'4295',<=50K
'4296',<=50K
'4297',<=50K
'4298',<=50K
'4299',<=50K
'4300',<=50K
'4301',<=50K
'4302',<=50K
'4303',<=50K
'4304',<=50K
'4305',<=50K
'4306',<=50K
'4307',<=50K
'4308',<=50K
'4309',<=50K
'4310',<=50K
'4311',<=50K
'4312',<=50K
'4313',<=50K
'4314',<=50K
'4315',<=50K
'4316',<=50K
'4317',<=50K
'4318',<=50K
'4319',<=50K
'4320',<=50K
'4321',<=50K
'4322',<=50K
'4323',<=50K
'4324',<=50K
'4325',<=50K
'4326',<=50K
'4327',<=50K
'4328',<=50K
'4329',<=50K
'4330',<=50K
'4331',<=50K
'4332',<=50K
'4333',<=50K
'4334',<=50K
'4335',<=50K
'4336',<=50K
'4337',<=50K
'4338',<=50K
'4339',<=50K
'4340',<=50K
'4341',<=50K
'4342',<=50K
'4343',<=50K
'4344',<=50K
'4345',<=50K
'4346',<=50K
'4347',<=50K
'4348',<=50K
'4349',<=50K
'4350',<=50K
'4351',<=50K
'4352',<=50K
'4353',<=50K
'4354',<=50K
'4355',<=50K
'4356',<=50K
'4357',<=50K
'4358',<=50K
'4359',<=50K
'4360',<=50K
'4361',<=50K
'4362',<=50K
'4363',<=50K
'4364',<=50K
'4365',<=50K
'4366',<=50K
'4367',<=50K
'4368',<=50K
'4369',<=50K
'4370',<=50K
'4371',<=50K
'4372',<=50K
'4373',<=50K
'4374',<=50K
'4375',<=50K
'4376',<=50K
'4377',<=50K
'4378',<=50K
'4379',<=50K
'4380',<=50K
'4381',<=50K
'4382',<=50K
'4383',<=50K
'4384',<=50K
'4385',<=50K
'4386',<=50K
'4387',<=50K
'4388',<=50K
'4389',<=50K
'4390',<=50K
'4391',<=50K
'4392',<=50K
'4393',<=50K
'4394',<=50K
'4395',<=50K
'4396',<=50K
'4397',<=50K
'4398',<=50K
'4399',<=50K
'4400',<=50K
'4401',<=50K
'4402',<=50K
'4403',<=50K
'4404',<=50K
'4405',<=50K
'4406',<=50K
'4407',<=50K
'4408',<=50K
'4409',<=50K
'4410',<=50K
'4411',<=50K
'4412',<=50K
'4413',<=50K
'4414',<=50K
'4415',<=50K
'4416',<=50K
'4417',<=50K
'4418',<=50K
'4419',<=50K
'4420',<=50K
'4421',<=50K
'4422',<=50K
'4423',<=50K
'4424',<=50K
'4425',<=50K
'4426',<=50K
'4427',<=50K
'4428',<=50K
'4429',<=50K
'4430',<=50K
'4431',<=50K
'4432',<=50K
'4433',<=50K
'4434',<=50K
'4435',<=50K
'4436',<=50K
'4437',<=50K
'4438',<=50K
'4439',<=50K
'4440',<=50K
'4441',<=50K
'4442',<=50K
'4443',<=50K
'4444',<=50K
'4445',<=50K
'4446',<=50K
'4447',<=50K
'4448',<=50K
'4449',<=50K
'4450',<=50K
'4451',<=50K
'4452',<=50K
'4453',<=50K
'4454',<=50K
'4455',<=50K
'4456',<=50K
'4457',<=50K
'4458',<=50K
'4459',<=50K
'4460',<=50K
'4461',<=50K
'4462',<=50K
'4463',<=50K
'4464',<=50K
'4465',<=50K
'4466',<=50K
'4467',<=50K
'4468',<=50K
'4469',<=50K
'4470',<=50K
'4471',<=50K
'4472',<=50K
'4473',<=50K
'4474',<=50K
'4475',<=50K
'4476',<=50K
'4477',<=50K
'4478',<=50K
'4479',<=50K
'4480',<=50K
'4481',<=50K
'4482',<=50K
'4483',<=50K
'4484',<=50K
'4485',<=50K
'4486',<=50K
'4487',<=50K
'4488',<=50K
'4489',<=50K
'4490',<=50K
'4491',<=50K
'4492',<=50K
'4493',<=50K
'4494',<=50K
'4495',<=50K
'4496',<=50K
'4497',<=50K
'4498',<=50K
'4499',<=50K
'4500',<=50K
'4501',<=50K
'4502',<=50K
'4503',<=50K
'4504',<=50K
'4505',<=50K
'4506',<=50K
'4507',<=50K
'4508',<=50K
'4509',<=50K
'4510',<=50K
'4511',<=50K
'4512',<=50K
'4513',<=50K
'4514',<=50K
'4515',<=50K
'4516',<=50K
'4517',<=50K
'4518',<=50K
'4519',<=50K
'4520',<=50K
'4521',<=50K
'4522',<=50K
'4523',<=50K
'4524',<=50K
'4525',<=50K
'4526',<=50K
'4527',<=50K
'4528',<=50K
'4529',<=50K
'4530',<=50K
'4531',<=50K
'4532',<=50K
'4533',<=50K
'4534',<=50K
'4535',<=50K
'4536',<=50K
'4537',<=50K
'4538',<=50K
'4539',<=50K
'4540',<=50K
'4541',<=50K
'4542',<=50K
'4543',<=50K
'4544',<=50K
'4545',<=50K
'4546',<=50K
'4547',<=50K
'4548',<=50K
'4549',<=50K
'4550',<=50K
'4551',<=50K
'4552',<=50K
'4553',<=50K
'4554',<=50K
'4555',<=50K
'4556',<=50K
'4557',<=50K
'4558',<=50K
'4559',<=50K
'4560',<=50K
'4561',<=50K
'4562',<=50K
'4563',<=50K
'4564',<=50K
'4565',<=50K
'4566',<=50K
'4567',<=50K
'4568',<=50K
'4569',<=50K
'4570',<=50K
'4571',<=50K
'4572',<=50K
'4573',<=50K
'4574',<=50K
'4575',<=50K
'4576',<=50K
'4577',<=50K
'4578',<=50K
'4579',<=50K
'4580',<=50K
'4581',<=50K
'4582',<=50K
'4583',<=50K
'4584',<=50K
'4585',<=50K
'4586',<=50K
'4587',<=50K
'4588',<=50K
'4589',<=50K
'4590',<=50K
'4591',<=50K
'4592',<=50K
'4593',<=50K
'4594',<=50K
'4595',<=50K
'4596',<=50K
'4597',<=50K
'4598',<=50K
'4599',<=50K
'4600',<=50K
'4601',<=50K
'4602',<=50K
'4603',<=50K
'4604',<=50K
'4605',<=50K
'4606',<=50K
'4607',<=50K
'4608',<=50K
'4609',<=50K
'4610',<=50K
'4611',<=50K
'4612',<=50K
'4613',<=50K
'4614',<=50K
'4615',<=50K
'4616',<=50K
'4617',<=50K
'4618',<=50K
'4619',<=50K
'4620',<=50K
'4621',<=50K
'4622',<=50K
'4623',<=50K
'4624',<=50K
'4625',<=50K
'4626',<=50K
'4627',<=50K
'4628',<=50K
'4629',<=50K
'4630',<=50K
'4631',<=50K
'4632',<=50K
'4633',<=50K
'4634',<=50K
'4635',<=50K
'4636',<=50K
'4637',<=50K
'4638',<=50K
'4639',<=50K
'4640',<=50K
'4641',<=50K
'4642',<=50K
'4643',<=50K
'4644',<=50K
'4645',<=50K
'4646',<=50K
'4647',<=50K
'4648',<=50K
'4649',<=50K
'4650',<=50K
'4651',<=50K
'4652',<=50K
'4653',<=50K
'4654',<=50K
'4655',<=50K
'4656',<=50K
'4657',<=50K
'4658',<=50K
'4659',<=50K
'4660',<=50K
'4661',<=50K
'4662',<=50K
'4663',<=50K
'4664',<=50K
'4665',<=50K
'4666',<=50K
'4667',<=50K
'4668',<=50K
'4669',<=50K
'4670',<=50K
'4671',<=50K
'4672',<=50K
'4673',<=50K
'4674',<=50K
'4675',<=50K
'4676',<=50K
'4677',<=50K
'4678',<=50K
'4679',<=50K
'4680',<=50K
'4681',<=50K
'4682',<=50K
'4683',<=50K
'4684',<=50K
'4685',<=50K
'4686',<=50K
'4687',<=50K
'4688',<=50K
'4689',<=50K
'4690',<=50K
'4691',<=50K
'4692',>50K
'4693',<=50K
'4694',<=50K
'4695',<=50K
'4696',<=50K
'4697',<=50K
'4698',<=50K
'4699',<=50K
'4700',<=50K
'4701',<=50K
'4702',<=50K
'4703',<=50K
'4704',<=50K
'4705',<=50K
'4706',<=50K
'4707',<=50K
'4708',<=50K
'4709',<=50K
'4710',<=50K
'4711',<=50K
'4712',<=50K
'4713',<=50K
'4714',<=50K
'4715',<=50K
'4716',<=50K
'4717',<=50K
'4718',<=50K
'4719',<=50K
'4720',<=50K
'4721',<=50K
'4722',<=50K
'4723',<=50K
'4724',<=50K
'4725',<=50K
'4726',<=50K
'4727',<=50K
'4728',<=50K
'4729',<=50K
'4730',<=50K
'4731',<=50K
'4732',<=50K
'4733',<=50K
'4734',<=50K
'4735',<=50K
'4736',<=50K
'4737',<=50K
'4738',<=50K
'4739',<=50K
'4740',<=50K
'4741',<=50K
'4742',<=50K
'4743',<=50K
'4744',<=50K
'4745',<=50K
'4746',<=50K
'4747',<=50K
'4748',<=50K
'4749',<=50K
'4750',<=50K
'4751',<=50K
'4752',<=50K
'4753',<=50K
'4754',<=50K
'4755',<=50K
'4756',<=50K
'4757',<=50K
'4758',<=50K
'4759',<=50K
'4760',<=50K
'4761',<=50K
'4762',<=50K
'4763',<=50K
'4764',<=50K
'4765',<=50K
'4766',<=50K
'4767',<=50K
'4768',<=50K
'4769',<=50K
'4770',<=50K
'4771',<=50K
'4772',<=50K
'4773',<=50K
'4774',<=50K
'4775',<=50K
'4776',<=50K
'4777',<=50K
'4778',<=50K
'4779',<=50K
'4780',<=50K
'4781',<=50K
'4782',<=50K
'4783',<=50K
'4784',<=50K
'4785',<=50K
'4786',<=50K
'4787',<=50K
'4788',<=50K
'4789',<=50K
'4790',<=50K
'4791',<=50K
'4792',<=50K
'4793',<=50K
'4794',<=50K
'4795',<=50K
'4796',<=50K
'4797',<=50K
'4798',<=50K
'4799',<=50K
'4800',<=50K
'4801',<=50K
'4802',<=50K
'4803',<=50K
'4804',<=50K
'4805',<=50K
'4806',<=50K
'4807',<=50K
'4808',<=50K
'4809',<=50K
'4810',<=50K
'4811',<=50K
'4812',<=50K
'4813',<=50K
'4814',<=50K
'4815',<=50K
'4816',<=50K
'4817',<=50K
'4818',<=50K
'4819',<=50K
'4820',<=50K
'4821',<=50K
'4822',<=50K
'4823',<=50K
'4824',<=50K
'4825',<=50K
'4826',<=50K
'4827',<=50K
'4828',<=50K
'4829',<=50K
'4830',<=50K
'4831',<=50K
'4832',<=50K
'4833',<=50K
'4834',<=50K
'4835',<=50K
'4836',<=50K
'4837',<=50K
'4838',<=50K
'4839',<=50K
'4840',<=50K
'4841',<=50K
'4842',<=50K
'4843',<=50K
'4844',<=50K
'4845',<=50K
'4846',<=50K
'4847',<=50K
'4848',<=50K
'4849',<=50K
'4850',<=50K
'4851',<=50K
'4852',<=50K
'4853',<=50K
'4854',<=50K
'4855',<=50K
'4856',<=50K
'4857',<=50K
'4858',<=50K
'4859',<=50K
'4860',<=50K
'4861',>50K
'4862',<=50K
'4863',<=50K
'4864',<=50K
'4865',<=50K
'4866',<=50K
'4867',<=50K
'4868',<=50K
'4869',<=50K
'4870',<=50K
'4871',<=50K
'4872',<=50K
'4873',<=50K
'4874',<=50K
'4875',<=50K
'4876',<=50K
'4877',<=50K
'4878',<=50K
'4879',<=50K
'4880',<=50K
'4881',<=50K
'4882',<=50K
'4883',<=50K
